1,41,0,0,0,0,0,0,0
2,41,0,0,0,0,0,0,0
3,41,0,0,0,0,0,0,0
4,41,0,0,0,0,0,0,0
5,41,0,0,0,0,0,0,0
6,41,0,0,0,0,0,0,0
7,41,0,0,0,0,0,0,0
8,41,0,0,0,0,0,0,0
9,41,0,0,0,0,0,0,0
10,40,0,0,0,0,0,0,0
11,41,0,0,0,0,0,0,0
12,41,0,0,0,0,0,0,0
13,41,0,0,0,0,0,0,0
14,41,0,0,0,0,0,0,0
15,40,0,0,0,0,0,0,0
16,41,0,0,0,0,0,0,0
17,41,0,0,0,0,0,0,0
18,41,0,0,0,0,0,0,0
19,42,0,0,0,0,0,0,0
20,41,0,0,0,0,0,0,0
21,40,0,0,0,0,0,0,0
22,40,0,0,0,0,0,0,0
23,40,0,0,0,0,0,0,0
24,40,0,0,0,0,0,0,0
25,41,0,0,0,0,0,0,0
26,40,0,0,0,0,0,0,0
27,41,0,0,0,0,0,0,0
28,40,0,0,0,0,0,0,0
29,40,0,0,0,0,0,0,0
30,40,0,0,0,0,0,0,0
31,40,0,0,0,0,0,0,0
32,41,0,0,0,0,0,0,0
33,40,0,0,0,0,0,0,0
34,41,0,0,0,0,0,0,0
35,40,0,0,0,0,0,0,0
36,41,0,0,0,0,0,0,0
37,40,0,0,0,0,0,0,0
38,41,0,0,0,0,0,0,0
39,41,0,0,0,0,0,0,0
40,40,0,0,0,0,0,0,0
41,40,0,0,0,0,0,0,0
42,41,0,0,0,0,0,0,0
43,41,0,0,0,0,0,0,0
44,40,0,0,0,0,0,0,0
45,40,0,0,0,0,0,0,0
46,41,0,0,0,0,0,0,0
47,40,0,0,0,0,0,0,0
48,40,0,0,0,0,0,0,0
49,40,0,0,0,0,0,0,0
50,40,0,0,0,0,0,0,0
51,41,0,0,0,0,0,0,0
52,40,0,0,0,0,0,0,0
53,40,0,0,0,0,0,0,0
54,41,0,0,0,0,0,0,0
55,40,0,0,0,0,0,0,0
56,40,0,0,0,0,0,0,0
57,41,0,0,0,0,0,0,0
58,40,0,0,0,0,0,0,0
59,41,0,0,0,0,0,0,0
60,41,0,0,0,0,0,0,0
61,40,0,0,0,0,0,0,0
62,40,0,0,0,0,0,0,0
63,41,0,0,0,0,0,0,0
64,40,0,0,0,0,0,0,0
65,40,0,0,0,0,0,0,0
66,41,0,0,0,0,0,0,0
67,40,0,0,0,0,0,0,0
68,40,0,0,0,0,0,0,0
69,40,0,0,0,0,0,0,0
70,41,0,0,0,0,0,0,0
71,40,0,0,0,0,0,0,0
72,41,0,0,0,0,0,0,0
73,46,0,0,0,0,0,0,0
74,119,0,0,0,0,0,0,0
75,249,0,0,0,0,0,0,0
76,312,0,0,0,0,0,0,0
77,285,0,0,0,0,0,0,0
78,153,0,0,0,0,0,0,0
79,296,0,0,0,0,0,0,0
80,364,0,0,0,0,0,0,0
81,395,0,0,0,0,0,0,0
82,98,0,0,0,0,0,0,0
83,41,0,0,0,0,0,0,0
84,41,0,0,0,0,0,0,0
85,41,0,0,0,0,0,0,0
86,41,0,0,0,0,0,0,0
87,40,0,0,0,0,0,0,0
88,41,0,0,0,0,0,0,0
89,40,0,0,0,0,0,0,0
90,40,0,0,0,0,0,0,0
91,40,0,0,0,0,0,0,0
92,40,0,0,0,0,0,0,0
93,40,0,0,0,0,0,0,0
94,40,0,0,0,0,0,0,0
95,40,0,0,0,0,0,0,0
96,40,0,0,0,0,0,0,0
97,41,0,0,0,0,0,0,0
98,40,0,0,0,0,0,0,0
99,41,0,0,0,0,0,0,0
100,40,0,0,0,0,0,0,0
101,40,0,0,0,0,0,0,0
102,40,0,0,0,0,0,0,0
103,41,0,0,0,0,0,0,0
104,41,0,0,0,0,0,0,0
105,40,0,0,0,0,0,0,0
106,40,0,0,0,0,0,0,0
107,40,0,0,0,0,0,0,0
108,40,0,0,0,0,0,0,0
109,41,0,0,0,0,0,0,0
110,41,0,0,0,0,0,0,0
111,40,0,0,0,0,0,0,0
112,41,0,0,0,0,0,0,0
113,41,0,0,0,0,0,0,0
114,40,0,0,0,0,0,0,0
115,40,0,0,0,0,0,0,0
116,41,0,0,0,0,0,0,0
117,41,0,0,0,0,0,0,0
118,41,0,0,0,0,0,0,0
119,40,0,0,0,0,0,0,0
120,40,0,0,0,0,0,0,0
121,40,0,0,0,0,0,0,0
122,40,0,0,0,0,0,0,0
123,40,0,0,0,0,0,0,0
124,40,0,0,0,0,0,0,0
125,40,0,0,0,0,0,0,0
126,41,0,0,0,0,0,0,0
127,40,0,0,0,0,0,0,0
128,40,0,0,0,0,0,0,0
129,40,0,0,0,0,0,0,0
130,41,0,0,0,0,0,0,0
131,40,0,0,0,0,0,0,0
132,40,0,0,0,0,0,0,0
133,40,0,0,0,0,0,0,0
134,40,0,0,0,0,0,0,0
135,40,0,0,0,0,0,0,0
136,40,0,0,0,0,0,0,0
137,40,0,0,0,0,0,0,0
138,40,0,0,0,0,0,0,0
139,41,0,0,0,0,0,0,0
140,40,0,0,0,0,0,0,0
141,41,0,0,0,0,0,0,0
142,40,0,0,0,0,0,0,0
143,55,0,0,0,0,0,0,0
144,193,0,0,0,0,0,0,0
145,291,0,0,0,0,0,0,0
146,342,0,0,0,0,0,0,0
147,163,0,0,0,0,0,0,0
148,273,0,0,0,0,0,0,0
149,366,0,0,0,0,0,0,0
150,400,0,0,0,0,0,0,0
151,66,0,0,0,0,0,0,0
152,42,0,0,0,0,0,0,0
153,41,0,0,0,0,0,0,0
154,41,0,0,0,0,0,0,0
155,41,0,0,0,0,0,0,0
156,41,0,0,0,0,0,0,0
157,41,0,0,0,0,0,0,0
158,41,0,0,0,0,0,0,0
159,41,0,0,0,0,0,0,0
160,42,0,0,0,0,0,0,0
161,42,0,0,0,0,0,0,0
162,42,0,0,0,0,0,0,0
163,41,0,0,0,0,0,0,0
164,42,0,0,0,0,0,0,0
165,42,0,0,0,0,0,0,0
166,41,0,0,0,0,0,0,0
167,41,0,0,0,0,0,0,0
168,40,0,0,0,0,0,0,0
169,42,0,0,0,0,0,0,0
170,41,0,0,0,0,0,0,0
171,41,0,0,0,0,0,0,0
172,42,0,0,0,0,0,0,0
173,41,0,0,0,0,0,0,0
174,41,0,0,0,0,0,0,0
175,41,0,0,0,0,0,0,0
176,40,0,0,0,0,0,0,0
177,40,0,0,0,0,0,0,0
178,41,0,0,0,0,0,0,0
179,41,0,0,0,0,0,0,0
180,40,0,0,0,0,0,0,0
181,41,0,0,0,0,0,0,0
182,41,0,0,0,0,0,0,0
183,41,0,0,0,0,0,0,0
184,41,0,0,0,0,0,0,0
185,41,0,0,0,0,0,0,0
186,41,0,0,0,0,0,0,0
187,41,0,0,0,0,0,0,0
188,41,0,0,0,0,0,0,0
189,41,0,0,0,0,0,0,0
190,41,0,0,0,0,0,0,0
191,40,0,0,0,0,0,0,0
192,41,0,0,0,0,0,0,0
193,41,0,0,0,0,0,0,0
194,40,0,0,0,0,0,0,0
195,41,0,0,0,0,0,0,0
196,41,0,0,0,0,0,0,0
197,41,0,0,0,0,0,0,0
198,41,0,0,0,0,0,0,0
199,41,0,0,0,0,0,0,0
200,41,0,0,0,0,0,0,0
201,41,0,0,0,0,0,0,0
202,41,0,0,0,0,0,0,0
203,41,0,0,0,0,0,0,0
204,41,0,0,0,0,0,0,0
205,41,0,0,0,0,0,0,0
206,44,0,0,0,0,0,0,0
207,129,0,0,0,0,0,0,0
208,263,0,0,0,0,0,0,0
209,327,0,0,0,0,0,0,0
210,186,0,0,0,0,0,0,0
211,210,0,0,0,0,0,0,0
212,347,0,0,0,0,0,0,0
213,390,0,0,0,0,0,0,0
214,133,0,0,0,0,0,0,0
215,41,0,0,0,0,0,0,0
216,41,0,0,0,0,0,0,0
217,40,0,0,0,0,0,0,0
218,41,0,0,0,0,0,0,0
219,41,0,0,0,0,0,0,0
220,41,0,0,0,0,0,0,0
221,41,0,0,0,0,0,0,0
222,41,0,0,0,0,0,0,0
223,41,0,0,0,0,0,0,0
224,41,0,0,0,0,0,0,0
225,40,0,0,0,0,0,0,0
226,41,0,0,0,0,0,0,0
227,40,0,0,0,0,0,0,0
228,40,0,0,0,0,0,0,0
229,41,0,0,0,0,0,0,0
230,40,0,0,0,0,0,0,0
231,41,0,0,0,0,0,0,0
232,41,0,0,0,0,0,0,0
233,40,0,0,0,0,0,0,0
234,41,0,0,0,0,0,0,0
235,41,0,0,0,0,0,0,0
236,41,0,0,0,0,0,0,0
237,40,0,0,0,0,0,0,0
238,40,0,0,0,0,0,0,0
239,41,0,0,0,0,0,0,0
240,41,0,0,0,0,0,0,0
241,40,0,0,0,0,0,0,0
242,41,0,0,0,0,0,0,0
243,40,0,0,0,0,0,0,0
244,41,0,0,0,0,0,0,0
245,41,0,0,0,0,0,0,0
246,41,0,0,0,0,0,0,0
247,41,0,0,0,0,0,0,0
248,41,0,0,0,0,0,0,0
249,41,0,0,0,0,0,0,0
250,41,0,0,0,0,0,0,0
251,40,0,0,0,0,0,0,0
252,40,0,0,0,0,0,0,0
253,41,0,0,0,0,0,0,0
254,41,0,0,0,0,0,0,0
255,41,0,0,0,0,0,0,0
256,40,0,0,0,0,0,0,0
257,40,0,0,0,0,0,0,0
258,41,0,0,0,0,0,0,0
259,41,0,0,0,0,0,0,0
260,40,0,0,0,0,0,0,0
261,41,0,0,0,0,0,0,0
262,41,0,0,0,0,0,0,0
263,40,0,0,0,0,0,0,0
264,40,0,0,0,0,0,0,0
265,40,0,0,0,0,0,0,0
266,41,0,0,0,0,0,0,0
267,41,0,0,0,0,0,0,0
268,40,0,0,0,0,0,0,0
269,41,0,0,0,0,0,0,0
270,40,0,0,0,0,0,0,0
271,41,0,0,0,0,0,0,0
272,41,0,0,0,0,0,0,0
273,77,0,0,0,0,0,0,0
274,230,0,0,0,0,0,0,0
275,308,0,0,0,0,0,0,0
276,321,0,0,0,0,0,0,0
277,153,0,0,0,0,0,0,0
278,310,0,0,0,0,0,0,0
279,376,0,0,0,0,0,0,0
280,398,0,0,0,0,0,0,0
281,51,0,0,0,0,0,0,0
282,41,0,0,0,0,0,0,0
283,40,0,0,0,0,0,0,0
284,41,0,0,0,0,0,0,0
285,40,0,0,0,0,0,0,0
286,40,0,0,0,0,0,0,0
287,41,0,0,0,0,0,0,0
288,41,0,0,0,0,0,0,0
289,40,0,0,0,0,0,0,0
290,40,0,0,0,0,0,0,0
291,40,0,0,0,0,0,0,0
292,40,0,0,0,0,0,0,0
293,40,0,0,0,0,0,0,0
294,40,0,0,0,0,0,0,0
295,40,0,0,0,0,0,0,0
296,40,0,0,0,0,0,0,0
297,40,0,0,0,0,0,0,0
298,40,0,0,0,0,0,0,0
299,40,0,0,0,0,0,0,0
300,41,0,0,0,0,0,0,0
301,41,0,0,0,0,0,0,0
302,41,0,0,0,0,0,0,0
303,40,0,0,0,0,0,0,0
304,40,0,0,0,0,0,0,0
305,41,0,0,0,0,0,0,0
306,41,0,0,0,0,0,0,0
307,40,0,0,0,0,0,0,0
308,40,0,0,0,0,0,0,0
309,40,0,0,0,0,0,0,0
310,41,0,0,0,0,0,0,0
311,40,0,0,0,0,0,0,0
312,40,0,0,0,0,0,0,0
313,40,0,0,0,0,0,0,0
314,40,0,0,0,0,0,0,0
315,40,0,0,0,0,0,0,0
316,40,0,0,0,0,0,0,0
317,40,0,0,0,0,0,0,0
318,40,0,0,0,0,0,0,0
319,40,0,0,0,0,0,0,0
320,40,0,0,0,0,0,0,0
321,40,0,0,0,0,0,0,0
322,40,0,0,0,0,0,0,0
323,40,0,0,0,0,0,0,0
324,40,0,0,0,0,0,0,0
325,41,0,0,0,0,0,0,0
326,40,0,0,0,0,0,0,0
327,40,0,0,0,0,0,0,0
328,40,0,0,0,0,0,0,0
329,40,0,0,0,0,0,0,0
330,40,0,0,0,0,0,0,0
331,40,0,0,0,0,0,0,0
332,40,0,0,0,0,0,0,0
333,40,0,0,0,0,0,0,0
334,40,0,0,0,0,0,0,0
335,41,0,0,0,0,0,0,0
336,54,0,0,0,0,0,0,0
337,182,0,0,0,0,0,0,0
338,284,0,0,0,0,0,0,0
339,338,0,0,0,0,0,0,0
340,163,0,0,0,0,0,0,0
341,265,0,0,0,0,0,0,0
342,363,0,0,0,0,0,0,0
343,398,0,0,0,0,0,0,0
344,80,0,0,0,0,0,0,0
345,41,0,0,0,0,0,0,0
346,41,0,0,0,0,0,0,0
347,41,0,0,0,0,0,0,0
348,41,0,0,0,0,0,0,0
349,41,0,0,0,0,0,0,0
350,41,0,0,0,0,0,0,0
351,40,0,0,0,0,0,0,0
352,40,0,0,0,0,0,0,0
353,41,0,0,0,0,0,0,0
354,40,0,0,0,0,0,0,0
355,40,0,0,0,0,0,0,0
356,41,0,0,0,0,0,0,0
357,41,0,0,0,0,0,0,0
358,41,0,0,0,0,0,0,0
359,41,0,0,0,0,0,0,0
360,40,0,0,0,0,0,0,0
361,41,0,0,0,0,0,0,0
362,41,0,0,0,0,0,0,0
363,41,0,0,0,0,0,0,0
364,40,0,0,0,0,0,0,0
365,41,0,0,0,0,0,0,0
366,41,0,0,0,0,0,0,0
367,41,0,0,0,0,0,0,0
368,41,0,0,0,0,0,0,0
369,41,0,0,0,0,0,0,0
370,40,0,0,0,0,0,0,0
371,41,0,0,0,0,0,0,0
372,40,0,0,0,0,0,0,0
373,40,0,0,0,0,0,0,0
374,41,0,0,0,0,0,0,0
375,40,0,0,0,0,0,0,0
376,40,0,0,0,0,0,0,0
377,41,0,0,0,0,0,0,0
378,41,0,0,0,0,0,0,0
379,40,0,0,0,0,0,0,0
380,41,0,0,0,0,0,0,0
381,41,0,0,0,0,0,0,0
382,41,0,0,0,0,0,0,0
383,41,0,0,0,0,0,0,0
384,41,0,0,0,0,0,0,0
385,40,0,0,0,0,0,0,0
386,41,0,0,0,0,0,0,0
387,41,0,0,0,0,0,0,0
388,40,0,0,0,0,0,0,0
389,40,0,0,0,0,0,0,0
390,41,0,0,0,0,0,0,0
391,41,0,0,0,0,0,0,0
392,41,0,0,0,0,0,0,0
393,41,0,0,0,0,0,0,0
394,41,0,0,0,0,0,0,0
395,41,0,0,0,0,0,0,0
396,41,0,0,0,0,0,0,0
397,40,0,0,0,0,0,0,0
398,41,0,0,0,0,0,0,0
399,40,0,0,0,0,0,0,0
400,41,0,0,0,0,0,0,0
401,40,0,0,0,0,0,0,0
402,42,0,0,0,0,0,0,0
403,102,0,0,0,0,0,0,0
404,256,0,0,0,0,0,0,0
405,323,0,0,0,0,0,0,0
406,262,0,0,0,0,0,0,0
407,166,0,0,0,0,0,0,0
408,334,0,0,0,0,0,0,0
409,385,0,0,0,0,0,0,0
410,291,0,0,0,0,0,0,0
411,44,0,0,0,0,0,0,0
412,41,0,0,0,0,0,0,0
413,41,0,0,0,0,0,0,0
414,41,0,0,0,0,0,0,0
415,40,0,0,0,0,0,0,0
416,40,0,0,0,0,0,0,0
417,41,0,0,0,0,0,0,0
418,41,0,0,0,0,0,0,0
419,41,0,0,0,0,0,0,0
420,41,0,0,0,0,0,0,0
421,41,0,0,0,0,0,0,0
422,40,0,0,0,0,0,0,0
423,41,0,0,0,0,0,0,0
424,40,0,0,0,0,0,0,0
425,40,0,0,0,0,0,0,0
426,41,0,0,0,0,0,0,0
427,40,0,0,0,0,0,0,0
428,41,0,0,0,0,0,0,0
429,41,0,0,0,0,0,0,0
430,40,0,0,0,0,0,0,0
431,40,0,0,0,0,0,0,0
432,41,0,0,0,0,0,0,0
433,40,0,0,0,0,0,0,0
434,41,0,0,0,0,0,0,0
435,41,0,0,0,0,0,0,0
436,41,0,0,0,0,0,0,0
437,40,0,0,0,0,0,0,0
438,40,0,0,0,0,0,0,0
439,40,0,0,0,0,0,0,0
440,41,0,0,0,0,0,0,0
441,40,0,0,0,0,0,0,0
442,41,0,0,0,0,0,0,0
443,40,0,0,0,0,0,0,0
444,40,0,0,0,0,0,0,0
445,41,0,0,0,0,0,0,0
446,40,0,0,0,0,0,0,0
447,40,0,0,0,0,0,0,0
448,41,0,0,0,0,0,0,0
449,41,0,0,0,0,0,0,0
450,40,0,0,0,0,0,0,0
451,40,0,0,0,0,0,0,0
452,40,0,0,0,0,0,0,0
453,40,0,0,0,0,0,0,0
454,41,0,0,0,0,0,0,0
455,41,0,0,0,0,0,0,0
456,40,0,0,0,0,0,0,0
457,41,0,0,0,0,0,0,0
458,41,0,0,0,0,0,0,0
459,40,0,0,0,0,0,0,0
460,40,0,0,0,0,0,0,0
461,40,0,0,0,0,0,0,0
462,41,0,0,0,0,0,0,0
463,41,0,0,0,0,0,0,0
464,40,0,0,0,0,0,0,0
465,40,0,0,0,0,0,0,0
466,70,0,0,0,0,0,0,0
467,217,0,0,0,0,0,0,0
468,303,0,0,0,0,0,0,0
469,329,0,0,0,0,0,0,0
470,155,0,0,0,0,0,0,0
471,304,0,0,0,0,0,0,0
472,374,0,0,0,0,0,0,0
473,403,0,0,0,0,0,0,0
474,60,0,0,0,0,0,0,0
475,41,0,0,0,0,0,0,0
476,40,0,0,0,0,0,0,0
477,40,0,0,0,0,0,0,0
478,40,0,0,0,0,0,0,0
479,41,0,0,0,0,0,0,0
480,40,0,0,0,0,0,0,0
481,40,0,0,0,0,0,0,0
482,40,0,0,0,0,0,0,0
483,40,0,0,0,0,0,0,0
484,40,0,0,0,0,0,0,0
485,40,0,0,0,0,0,0,0
486,40,0,0,0,0,0,0,0
487,40,0,0,0,0,0,0,0
488,40,0,0,0,0,0,0,0
489,40,0,0,0,0,0,0,0
490,40,0,0,0,0,0,0,0
491,40,0,0,0,0,0,0,0
492,40,0,0,0,0,0,0,0
493,40,0,0,0,0,0,0,0
494,40,0,0,0,0,0,0,0
495,40,0,0,0,0,0,0,0
496,40,0,0,0,0,0,0,0
497,40,0,0,0,0,0,0,0
498,40,0,0,0,0,0,0,0
499,41,0,0,0,0,0,0,0
500,40,0,0,0,0,0,0,0
501,41,0,0,0,0,0,0,0
502,41,0,0,0,0,0,0,0
503,42,0,0,0,0,0,0,0
504,40,0,0,0,0,0,0,0
505,40,0,0,0,0,0,0,0
506,40,0,0,0,0,0,0,0
507,40,0,0,0,0,0,0,0
508,40,0,0,0,0,0,0,0
509,40,0,0,0,0,0,0,0
510,40,0,0,0,0,0,0,0
511,40,0,0,0,0,0,0,0
512,40,0,0,0,0,0,0,0
513,40,0,0,0,0,0,0,0
514,40,0,0,0,0,0,0,0
515,40,0,0,0,0,0,0,0
516,40,0,0,0,0,0,0,0
517,40,0,0,0,0,0,0,0
518,40,0,0,0,0,0,0,0
519,40,0,0,0,0,0,0,0
520,40,0,0,0,0,0,0,0
521,40,0,0,0,0,0,0,0
522,40,0,0,0,0,0,0,0
523,40,0,0,0,0,0,0,0
524,40,0,0,0,0,0,0,0
525,40,0,0,0,0,0,0,0
526,40,0,0,0,0,0,0,0
527,40,0,0,0,0,0,0,0
528,40,0,0,0,0,0,0,0
529,40,0,0,0,0,0,0,0
530,41,0,0,0,0,0,0,0
531,40,0,0,0,0,0,0,0
532,46,0,0,0,0,0,0,0
533,151,0,0,0,0,0,0,0
534,275,0,0,0,0,0,0,0
535,335,0,0,0,0,0,0,0
536,209,0,0,0,0,0,0,0
537,200,0,0,0,0,0,0,0
538,351,0,0,0,0,0,0,0
539,392,0,0,0,0,0,0,0
540,149,0,0,0,0,0,0,0
541,41,0,0,0,0,0,0,0
542,41,0,0,0,0,0,0,0
543,40,0,0,0,0,0,0,0
544,40,0,0,0,0,0,0,0
545,41,0,0,0,0,0,0,0
546,40,0,0,0,0,0,0,0
547,40,0,0,0,0,0,0,0
548,41,0,0,0,0,0,0,0
549,40,0,0,0,0,0,0,0
550,40,0,0,0,0,0,0,0
551,40,0,0,0,0,0,0,0
552,41,0,0,0,0,0,0,0
553,40,0,0,0,0,0,0,0
554,41,0,0,0,0,0,0,0
555,40,0,0,0,0,0,0,0
556,41,0,0,0,0,0,0,0
557,41,0,0,0,0,0,0,0
558,40,0,0,0,0,0,0,0
559,40,0,0,0,0,0,0,0
560,40,0,0,0,0,0,0,0
561,41,0,0,0,0,0,0,0
562,41,0,0,0,0,0,0,0
563,41,0,0,0,0,0,0,0
564,41,0,0,0,0,0,0,0
565,41,0,0,0,0,0,0,0
566,40,0,0,0,0,0,0,0
567,41,0,0,0,0,0,0,0
568,41,0,0,0,0,0,0,0
569,41,0,0,0,0,0,0,0
570,42,0,0,0,0,0,0,0
571,42,0,0,0,0,0,0,0
572,41,0,0,0,0,0,0,0
573,40,0,0,0,0,0,0,0
574,41,0,0,0,0,0,0,0
575,41,0,0,0,0,0,0,0
576,41,0,0,0,0,0,0,0
577,42,0,0,0,0,0,0,0
578,42,0,0,0,0,0,0,0
579,41,0,0,0,0,0,0,0
580,41,0,0,0,0,0,0,0
581,41,0,0,0,0,0,0,0
582,42,0,0,0,0,0,0,0
583,41,0,0,0,0,0,0,0
584,41,0,0,0,0,0,0,0
585,42,0,0,0,0,0,0,0
586,42,0,0,0,0,0,0,0
587,42,0,0,0,0,0,0,0
588,41,0,0,0,0,0,0,0
589,40,0,0,0,0,0,0,0
590,40,0,0,0,0,0,0,0
591,41,0,0,0,0,0,0,0
592,42,0,0,0,0,0,0,0
593,40,0,0,0,0,0,0,0
594,40,0,0,0,0,0,0,0
595,44,0,0,0,0,0,0,0
596,112,0,0,0,0,0,0,0
597,257,0,0,0,0,0,0,0
598,324,0,0,0,0,0,0,0
599,214,0,0,0,0,0,0,0
600,183,0,0,0,0,0,0,0
601,338,0,0,0,0,0,0,0
602,386,0,0,0,0,0,0,0
603,296,0,0,0,0,0,0,0
604,45,0,0,0,0,0,0,0
605,41,0,0,0,0,0,0,0
606,41,0,0,0,0,0,0,0
607,41,0,0,0,0,0,0,0
608,41,0,0,0,0,0,0,0
609,41,0,0,0,0,0,0,0
610,41,0,0,0,0,0,0,0
611,41,0,0,0,0,0,0,0
612,41,0,0,0,0,0,0,0
613,41,0,0,0,0,0,0,0
614,41,0,0,0,0,0,0,0
615,41,0,0,0,0,0,0,0
616,41,0,0,0,0,0,0,0
617,41,0,0,0,0,0,0,0
618,41,0,0,0,0,0,0,0
619,41,0,0,0,0,0,0,0
620,40,0,0,0,0,0,0,0
621,42,0,0,0,0,0,0,0
622,40,0,0,0,0,0,0,0
623,40,0,0,0,0,0,0,0
624,40,0,0,0,0,0,0,0
625,41,0,0,0,0,0,0,0
626,40,0,0,0,0,0,0,0
627,42,0,0,0,0,0,0,0
628,41,0,0,0,0,0,0,0
629,41,0,0,0,0,0,0,0
630,41,0,0,0,0,0,0,0
631,41,0,0,0,0,0,0,0
632,41,0,0,0,0,0,0,0
633,41,0,0,0,0,0,0,0
634,40,0,0,0,0,0,0,0
635,41,0,0,0,0,0,0,0
636,41,0,0,0,0,0,0,0
637,41,0,0,0,0,0,0,0
638,40,0,0,0,0,0,0,0
639,41,0,0,0,0,0,0,0
640,41,0,0,0,0,0,0,0
641,41,0,0,0,0,0,0,0
642,41,0,0,0,0,0,0,0
643,41,0,0,0,0,0,0,0
644,41,0,0,0,0,0,0,0
645,41,0,0,0,0,0,0,0
646,41,0,0,0,0,0,0,0
647,41,0,0,0,0,0,0,0
648,41,0,0,0,0,0,0,0
649,42,0,0,0,0,0,0,0
650,41,0,0,0,0,0,0,0
651,41,0,0,0,0,0,0,0
652,41,0,0,0,0,0,0,0
653,40,0,0,0,0,0,0,0
654,40,0,0,0,0,0,0,0
655,40,0,0,0,0,0,0,0
656,41,0,0,0,0,0,0,0
657,40,0,0,0,0,0,0,0
658,40,0,0,0,0,0,0,0
659,41,0,0,0,0,0,0,0
660,41,0,0,0,0,0,0,0
661,41,0,0,0,0,0,0,0
662,68,0,0,0,0,0,0,0
663,220,0,0,0,0,0,0,0
664,304,0,0,0,0,0,0,0
665,344,0,0,0,0,0,0,0
666,157,0,0,0,0,0,0,0
667,286,0,0,0,0,0,0,0
668,371,0,0,0,0,0,0,0
669,403,0,0,0,0,0,0,0
670,67,0,0,0,0,0,0,0
671,41,0,0,0,0,0,0,0
672,41,0,0,0,0,0,0,0
673,40,0,0,0,0,0,0,0
674,40,0,0,0,0,0,0,0
675,40,0,0,0,0,0,0,0
676,41,0,0,0,0,0,0,0
677,40,0,0,0,0,0,0,0
678,40,0,0,0,0,0,0,0
679,41,0,0,0,0,0,0,0
680,40,0,0,0,0,0,0,0
681,40,0,0,0,0,0,0,0
682,40,0,0,0,0,0,0,0
683,40,0,0,0,0,0,0,0
684,41,0,0,0,0,0,0,0
685,40,0,0,0,0,0,0,0
686,41,0,0,0,0,0,0,0
687,41,0,0,0,0,0,0,0
688,40,0,0,0,0,0,0,0
689,40,0,0,0,0,0,0,0
690,41,0,0,0,0,0,0,0
691,41,0,0,0,0,0,0,0
692,40,0,0,0,0,0,0,0
693,40,0,0,0,0,0,0,0
694,41,0,0,0,0,0,0,0
695,41,0,0,0,0,0,0,0
696,40,0,0,0,0,0,0,0
697,40,0,0,0,0,0,0,0
698,40,0,0,0,0,0,0,0
699,41,0,0,0,0,0,0,0
700,40,0,0,0,0,0,0,0
701,40,0,0,0,0,0,0,0
702,41,0,0,0,0,0,0,0
703,41,0,0,0,0,0,0,0
704,40,0,0,0,0,0,0,0
705,40,0,0,0,0,0,0,0
706,40,0,0,0,0,0,0,0
707,41,0,0,0,0,0,0,0
708,41,0,0,0,0,0,0,0
709,40,0,0,0,0,0,0,0
710,41,0,0,0,0,0,0,0
711,40,0,0,0,0,0,0,0
712,40,0,0,0,0,0,0,0
713,40,0,0,0,0,0,0,0
714,40,0,0,0,0,0,0,0
715,40,0,0,0,0,0,0,0
716,40,0,0,0,0,0,0,0
717,41,0,0,0,0,0,0,0
718,41,0,0,0,0,0,0,0
719,40,0,0,0,0,0,0,0
720,42,0,0,0,0,0,0,0
721,40,0,0,0,0,0,0,0
722,40,0,0,0,0,0,0,0
723,40,0,0,0,0,0,0,0
724,41,0,0,0,0,0,0,0
725,50,0,0,0,0,0,0,0
726,164,0,0,0,0,0,0,0
727,277,0,0,0,0,0,0,0
728,335,0,0,0,0,0,0,0
729,176,0,0,0,0,0,0,0
730,221,0,0,0,0,0,0,0
731,352,0,0,0,0,0,0,0
732,393,0,0,0,0,0,0,0
733,147,0,0,0,0,0,0,0
734,41,0,0,0,0,0,0,0
735,40,0,0,0,0,0,0,0
736,41,0,0,0,0,0,0,0
737,40,0,0,0,0,0,0,0
738,40,0,0,0,0,0,0,0
739,40,0,0,0,0,0,0,0
740,41,0,0,0,0,0,0,0
741,41,0,0,0,0,0,0,0
742,40,0,0,0,0,0,0,0
743,41,0,0,0,0,0,0,0
744,40,0,0,0,0,0,0,0
745,40,0,0,0,0,0,0,0
746,40,0,0,0,0,0,0,0
747,41,0,0,0,0,0,0,0
748,41,0,0,0,0,0,0,0
749,40,0,0,0,0,0,0,0
750,40,0,0,0,0,0,0,0
751,41,0,0,0,0,0,0,0
752,40,0,0,0,0,0,0,0
753,40,0,0,0,0,0,0,0
754,40,0,0,0,0,0,0,0
755,40,0,0,0,0,0,0,0
756,40,0,0,0,0,0,0,0
757,41,0,0,0,0,0,0,0
758,40,0,0,0,0,0,0,0
759,40,0,0,0,0,0,0,0
760,40,0,0,0,0,0,0,0
761,40,0,0,0,0,0,0,0
762,40,0,0,0,0,0,0,0
763,41,0,0,0,0,0,0,0
764,40,0,0,0,0,0,0,0
765,41,0,0,0,0,0,0,0
766,40,0,0,0,0,0,0,0
767,40,0,0,0,0,0,0,0
768,40,0,0,0,0,0,0,0
769,40,0,0,0,0,0,0,0
770,40,0,0,0,0,0,0,0
771,40,0,0,0,0,0,0,0
772,40,0,0,0,0,0,0,0
773,41,0,0,0,0,0,0,0
774,39,0,0,0,0,0,0,0
775,40,0,0,0,0,0,0,0
776,41,0,0,0,0,0,0,0
777,41,0,0,0,0,0,0,0
778,40,0,0,0,0,0,0,0
779,41,0,0,0,0,0,0,0
780,41,0,0,0,0,0,0,0
781,40,0,0,0,0,0,0,0
782,40,0,0,0,0,0,0,0
783,41,0,0,0,0,0,0,0
784,40,0,0,0,0,0,0,0
785,41,0,0,0,0,0,0,0
786,41,0,0,0,0,0,0,0
787,40,0,0,0,0,0,0,0
788,40,0,0,0,0,0,0,0
789,41,0,0,0,0,0,0,0
790,40,0,0,0,0,0,0,0
791,41,0,0,0,0,0,0,0
792,101,0,0,0,0,0,0,0
793,256,0,0,0,0,0,0,0
794,323,0,0,0,0,0,0,0
795,284,0,0,0,0,0,0,0
796,160,0,0,0,0,0,0,0
797,326,0,0,0,0,0,0,0
798,382,0,0,0,0,0,0,0
799,384,0,0,0,0,0,0,0
800,49,0,0,0,0,0,0,0
801,40,0,0,0,0,0,0,0
802,40,0,0,0,0,0,0,0
803,40,0,0,0,0,0,0,0
804,41,0,0,0,0,0,0,0
805,40,0,0,0,0,0,0,0
806,41,0,0,0,0,0,0,0
807,40,0,0,0,0,0,0,0
808,41,0,0,0,0,0,0,0
809,40,0,0,0,0,0,0,0
810,41,0,0,0,0,0,0,0
811,41,0,0,0,0,0,0,0
812,41,0,0,0,0,0,0,0
813,40,0,0,0,0,0,0,0
814,40,0,0,0,0,0,0,0
815,40,0,0,0,0,0,0,0
816,40,0,0,0,0,0,0,0
817,40,0,0,0,0,0,0,0
818,40,0,0,0,0,0,0,0
819,40,0,0,0,0,0,0,0
820,41,0,0,0,0,0,0,0
821,40,0,0,0,0,0,0,0
822,40,0,0,0,0,0,0,0
823,40,0,0,0,0,0,0,0
824,40,0,0,0,0,0,0,0
825,40,0,0,0,0,0,0,0
826,40,0,0,0,0,0,0,0
827,40,0,0,0,0,0,0,0
828,40,0,0,0,0,0,0,0
829,40,0,0,0,0,0,0,0
830,40,0,0,0,0,0,0,0
831,40,0,0,0,0,0,0,0
832,40,0,0,0,0,0,0,0
833,40,0,0,0,0,0,0,0
834,40,0,0,0,0,0,0,0
835,40,0,0,0,0,0,0,0
836,41,0,0,0,0,0,0,0
837,40,0,0,0,0,0,0,0
838,40,0,0,0,0,0,0,0
839,40,0,0,0,0,0,0,0
840,40,0,0,0,0,0,0,0
841,40,0,0,0,0,0,0,0
842,41,0,0,0,0,0,0,0
843,41,0,0,0,0,0,0,0
844,40,0,0,0,0,0,0,0
845,40,0,0,0,0,0,0,0
846,40,0,0,0,0,0,0,0
847,40,0,0,0,0,0,0,0
848,40,0,0,0,0,0,0,0
849,40,0,0,0,0,0,0,0
850,40,0,0,0,0,0,0,0
851,40,0,0,0,0,0,0,0
852,41,0,0,0,0,0,0,0
853,40,0,0,0,0,0,0,0
854,41,0,0,0,0,0,0,0
855,77,0,0,0,0,0,0,0
856,224,0,0,0,0,0,0,0
857,305,0,0,0,0,0,0,0
858,331,0,0,0,0,0,0,0
859,154,0,0,0,0,0,0,0
860,299,0,0,0,0,0,0,0
861,373,0,0,0,0,0,0,0
862,404,0,0,0,0,0,0,0
863,70,0,0,0,0,0,0,0
864,41,0,0,0,0,0,0,0
865,40,0,0,0,0,0,0,0
866,41,0,0,0,0,0,0,0
867,41,0,0,0,0,0,0,0
868,40,0,0,0,0,0,0,0
869,40,0,0,0,0,0,0,0
870,40,0,0,0,0,0,0,0
871,40,0,0,0,0,0,0,0
872,41,0,0,0,0,0,0,0
873,40,0,0,0,0,0,0,0
874,40,0,0,0,0,0,0,0
875,40,0,0,0,0,0,0,0
876,40,0,0,0,0,0,0,0
877,41,0,0,0,0,0,0,0
878,41,0,0,0,0,0,0,0
879,40,0,0,0,0,0,0,0
880,40,0,0,0,0,0,0,0
881,40,0,0,0,0,0,0,0
882,40,0,0,0,0,0,0,0
883,41,0,0,0,0,0,0,0
884,40,0,0,0,0,0,0,0
885,40,0,0,0,0,0,0,0
886,40,0,0,0,0,0,0,0
887,41,0,0,0,0,0,0,0
888,41,0,0,0,0,0,0,0
889,40,0,0,0,0,0,0,0
890,40,0,0,0,0,0,0,0
891,41,0,0,0,0,0,0,0
892,40,0,0,0,0,0,0,0
893,40,0,0,0,0,0,0,0
894,40,0,0,0,0,0,0,0
895,40,0,0,0,0,0,0,0
896,40,0,0,0,0,0,0,0
897,40,0,0,0,0,0,0,0
898,41,0,0,0,0,0,0,0
899,40,0,0,0,0,0,0,0
900,40,0,0,0,0,0,0,0
901,40,0,0,0,0,0,0,0
902,40,0,0,0,0,0,0,0
903,40,0,0,0,0,0,0,0
904,40,0,0,0,0,0,0,0
905,40,0,0,0,0,0,0,0
906,42,0,0,0,0,0,0,0
907,40,0,0,0,0,0,0,0
908,41,0,0,0,0,0,0,0
909,40,0,0,0,0,0,0,0
910,40,0,0,0,0,0,0,0
911,41,0,0,0,0,0,0,0
912,41,0,0,0,0,0,0,0
913,40,0,0,0,0,0,0,0
914,40,0,0,0,0,0,0,0
915,40,0,0,0,0,0,0,0
916,40,0,0,0,0,0,0,0
917,40,0,0,0,0,0,0,0
918,40,0,0,0,0,0,0,0
919,40,0,0,0,0,0,0,0
920,40,0,0,0,0,0,0,0
921,48,0,0,0,0,0,0,0
922,158,0,0,0,0,0,0,0
923,278,0,0,0,0,0,0,0
924,336,0,0,0,0,0,0,0
925,217,0,0,0,0,0,0,0
926,185,0,0,0,0,0,0,0
927,345,0,0,0,0,0,0,0
928,390,0,0,0,0,0,0,0
929,250,0,0,0,0,0,0,0
930,43,0,0,0,0,0,0,0
931,40,0,0,0,0,0,0,0
932,40,0,0,0,0,0,0,0
933,40,0,0,0,0,0,0,0
934,40,0,0,0,0,0,0,0
935,41,0,0,0,0,0,0,0
936,41,0,0,0,0,0,0,0
937,40,0,0,0,0,0,0,0
938,41,0,0,0,0,0,0,0
939,40,0,0,0,0,0,0,0
940,40,0,0,0,0,0,0,0
941,40,0,0,0,0,0,0,0
942,41,0,0,0,0,0,0,0
943,40,0,0,0,0,0,0,0
944,40,0,0,0,0,0,0,0
945,40,0,0,0,0,0,0,0
946,40,0,0,0,0,0,0,0
947,40,0,0,0,0,0,0,0
948,40,0,0,0,0,0,0,0
949,40,0,0,0,0,0,0,0
950,40,0,0,0,0,0,0,0
951,40,0,0,0,0,0,0,0
952,40,0,0,0,0,0,0,0
953,40,0,0,0,0,0,0,0
954,40,0,0,0,0,0,0,0
955,40,0,0,0,0,0,0,0
956,40,0,0,0,0,0,0,0
957,40,0,0,0,0,0,0,0
958,41,0,0,0,0,0,0,0
959,41,0,0,0,0,0,0,0
960,40,0,0,0,0,0,0,0
961,40,0,0,0,0,0,0,0
962,41,0,0,0,0,0,0,0
963,41,0,0,0,0,0,0,0
964,40,0,0,0,0,0,0,0
965,41,0,0,0,0,0,0,0
966,41,0,0,0,0,0,0,0
967,40,0,0,0,0,0,0,0
968,41,0,0,0,0,0,0,0
969,40,0,0,0,0,0,0,0
970,41,0,0,0,0,0,0,0
971,41,0,0,0,0,0,0,0
972,41,0,0,0,0,0,0,0
973,40,0,0,0,0,0,0,0
974,41,0,0,0,0,0,0,0
975,41,0,0,0,0,0,0,0
976,40,0,0,0,0,0,0,0
977,41,0,0,0,0,0,0,0
978,41,0,0,0,0,0,0,0
979,41,0,0,0,0,0,0,0
980,41,0,0,0,0,0,0,0
981,41,0,0,0,0,0,0,0
982,41,0,0,0,0,0,0,0
983,40,0,0,0,0,0,0,0
984,45,0,0,0,0,0,0,0
985,128,0,0,0,0,0,0,0
986,264,0,0,0,0,0,0,0
987,328,0,0,0,0,0,0,0
988,219,0,0,0,0,0,0,0
989,183,0,0,0,0,0,0,0
990,339,0,0,0,0,0,0,0
991,387,0,0,0,0,0,0,0
992,350,0,0,0,0,0,0,0
993,47,0,0,0,0,0,0,0
994,42,0,0,0,0,0,0,0
995,40,0,0,0,0,0,0,0
996,40,0,0,0,0,0,0,0
997,41,0,0,0,0,0,0,0
998,40,0,0,0,0,0,0,0
999,40,0,0,0,0,0,0,0
1000,40,0,0,0,0,0,0,0
1001,41,0,0,0,0,0,0,0
1002,41,0,0,0,0,0,0,0
1003,40,0,0,0,0,0,0,0
1004,40,0,0,0,0,0,0,0
1005,41,0,0,0,0,0,0,0
1006,41,0,0,0,0,0,0,0
1007,40,0,0,0,0,0,0,0
1008,41,0,0,0,0,0,0,0
1009,40,0,0,0,0,0,0,0
1010,40,0,0,0,0,0,0,0
1011,41,0,0,0,0,0,0,0
1012,41,0,0,0,0,0,0,0
1013,41,0,0,0,0,0,0,0
1014,41,0,0,0,0,0,0,0
1015,40,0,0,0,0,0,0,0
1016,41,0,0,0,0,0,0,0
1017,40,0,0,0,0,0,0,0
1018,41,0,0,0,0,0,0,0
1019,41,0,0,0,0,0,0,0
1020,40,0,0,0,0,0,0,0
1021,40,0,0,0,0,0,0,0
1022,41,0,0,0,0,0,0,0
1023,40,0,0,0,0,0,0,0
1024,40,0,0,0,0,0,0,0
1025,40,0,0,0,0,0,0,0
1026,40,0,0,0,0,0,0,0
1027,40,0,0,0,0,0,0,0
1028,40,0,0,0,0,0,0,0
1029,40,0,0,0,0,0,0,0
1030,40,0,0,0,0,0,0,0
1031,41,0,0,0,0,0,0,0
1032,40,0,0,0,0,0,0,0
1033,41,0,0,0,0,0,0,0
1034,40,0,0,0,0,0,0,0
1035,40,0,0,0,0,0,0,0
1036,40,0,0,0,0,0,0,0
1037,40,0,0,0,0,0,0,0
1038,40,0,0,0,0,0,0,0
1039,40,0,0,0,0,0,0,0
1040,40,0,0,0,0,0,0,0
1041,41,0,0,0,0,0,0,0
1042,40,0,0,0,0,0,0,0
1043,40,0,0,0,0,0,0,0
1044,41,0,0,0,0,0,0,0
1045,49,0,0,0,0,0,0,0
1046,189,0,0,0,0,0,0,0
1047,297,0,0,0,0,0,0,0
1048,348,0,0,0,0,0,0,0
1049,154,0,0,0,0,0,0,0
1050,305,0,0,0,0,0,0,0
1051,381,0,0,0,0,0,0,0
1052,386,0,0,0,0,0,0,0
1053,46,0,0,0,0,0,0,0
1054,40,0,0,0,0,0,0,0
1055,41,0,0,0,0,0,0,0
1056,40,0,0,0,0,0,0,0
1057,40,0,0,0,0,0,0,0
1058,40,0,0,0,0,0,0,0
1059,40,0,0,0,0,0,0,0
1060,40,0,0,0,0,0,0,0
1061,41,0,0,0,0,0,0,0
1062,40,0,0,0,0,0,0,0
1063,40,0,0,0,0,0,0,0
1064,41,0,0,0,0,0,0,0
1065,40,0,0,0,0,0,0,0
1066,40,0,0,0,0,0,0,0
1067,41,0,0,0,0,0,0,0
1068,40,0,0,0,0,0,0,0
1069,41,0,0,0,0,0,0,0
1070,41,0,0,0,0,0,0,0
1071,40,0,0,0,0,0,0,0
1072,41,0,0,0,0,0,0,0
1073,41,0,0,0,0,0,0,0
1074,41,0,0,0,0,0,0,0
1075,41,0,0,0,0,0,0,0
1076,40,0,0,0,0,0,0,0
1077,40,0,0,0,0,0,0,0
1078,40,0,0,0,0,0,0,0
1079,41,0,0,0,0,0,0,0
1080,41,0,0,0,0,0,0,0
1081,40,0,0,0,0,0,0,0
1082,40,0,0,0,0,0,0,0
1083,41,0,0,0,0,0,0,0
1084,41,0,0,0,0,0,0,0
1085,41,0,0,0,0,0,0,0
1086,40,0,0,0,0,0,0,0
1087,40,0,0,0,0,0,0,0
1088,41,0,0,0,0,0,0,0
1089,41,0,0,0,0,0,0,0
1090,41,0,0,0,0,0,0,0
1091,40,0,0,0,0,0,0,0
1092,41,0,0,0,0,0,0,0
1093,41,0,0,0,0,0,0,0
1094,40,0,0,0,0,0,0,0
1095,40,0,0,0,0,0,0,0
1096,41,0,0,0,0,0,0,0
1097,40,0,0,0,0,0,0,0
1098,41,0,0,0,0,0,0,0
1099,41,0,0,0,0,0,0,0
1100,40,0,0,0,0,0,0,0
1101,44,0,0,0,0,0,0,0
1102,140,0,0,0,0,0,0,0
1103,277,0,0,0,0,0,0,0
1104,340,0,0,0,0,0,0,0
1105,164,0,0,0,0,0,0,0
1106,271,0,0,0,0,0,0,0
1107,371,0,0,0,0,0,0,0
1108,405,0,0,0,0,0,0,0
1109,59,0,0,0,0,0,0,0
1110,41,0,0,0,0,0,0,0
1111,41,0,0,0,0,0,0,0
1112,40,0,0,0,0,0,0,0
1113,40,0,0,0,0,0,0,0
1114,41,0,0,0,0,0,0,0
1115,41,0,0,0,0,0,0,0
1116,41,0,0,0,0,0,0,0
1117,40,0,0,0,0,0,0,0
1118,40,0,0,0,0,0,0,0
1119,41,0,0,0,0,0,0,0
1120,40,0,0,0,0,0,0,0
1121,40,0,0,0,0,0,0,0
1122,41,0,0,0,0,0,0,0
1123,40,0,0,0,0,0,0,0
1124,41,0,0,0,0,0,0,0
1125,40,0,0,0,0,0,0,0
1126,40,0,0,0,0,0,0,0
1127,40,0,0,0,0,0,0,0
1128,40,0,0,0,0,0,0,0
1129,40,0,0,0,0,0,0,0
1130,40,0,0,0,0,0,0,0
1131,40,0,0,0,0,0,0,0
1132,41,0,0,0,0,0,0,0
1133,41,0,0,0,0,0,0,0
1134,39,0,0,0,0,0,0,0
1135,41,0,0,0,0,0,0,0
1136,40,0,0,0,0,0,0,0
1137,40,0,0,0,0,0,0,0
1138,41,0,0,0,0,0,0,0
1139,41,0,0,0,0,0,0,0
1140,40,0,0,0,0,0,0,0
1141,40,0,0,0,0,0,0,0
1142,40,0,0,0,0,0,0,0
1143,40,0,0,0,0,0,0,0
1144,40,0,0,0,0,0,0,0
1145,40,0,0,0,0,0,0,0
1146,40,0,0,0,0,0,0,0
1147,40,0,0,0,0,0,0,0
1148,41,0,0,0,0,0,0,0
1149,41,0,0,0,0,0,0,0
1150,40,0,0,0,0,0,0,0
1151,41,0,0,0,0,0,0,0
1152,41,0,0,0,0,0,0,0
1153,40,0,0,0,0,0,0,0
1154,41,0,0,0,0,0,0,0
1155,40,0,0,0,0,0,0,0
1156,40,0,0,0,0,0,0,0
1157,40,0,0,0,0,0,0,0
1158,40,0,0,0,0,0,0,0
1159,40,0,0,0,0,0,0,0
1160,42,0,0,0,0,0,0,0
1161,113,0,0,0,0,0,0,0
1162,270,0,0,0,0,0,0,0
1163,337,0,0,0,0,0,0,0
1164,202,0,0,0,0,0,0,0
1165,223,0,0,0,0,0,0,0
1166,363,0,0,0,0,0,0,0
1167,403,0,0,0,0,0,0,0
1168,72,0,0,0,0,0,0,0
1169,41,0,0,0,0,0,0,0
1170,40,0,0,0,0,0,0,0
1171,40,0,0,0,0,0,0,0
1172,41,0,0,0,0,0,0,0
1173,40,0,0,0,0,0,0,0
1174,41,0,0,0,0,0,0,0
1175,40,0,0,0,0,0,0,0
1176,40,0,0,0,0,0,0,0
1177,41,0,0,0,0,0,0,0
1178,40,0,0,0,0,0,0,0
1179,40,0,0,0,0,0,0,0
1180,40,0,0,0,0,0,0,0
1181,40,0,0,0,0,0,0,0
1182,40,0,0,0,0,0,0,0
1183,40,0,0,0,0,0,0,0
1184,40,0,0,0,0,0,0,0
1185,41,0,0,0,0,0,0,0
1186,40,0,0,0,0,0,0,0
1187,40,0,0,0,0,0,0,0
1188,41,0,0,0,0,0,0,0
1189,40,0,0,0,0,0,0,0
1190,41,0,0,0,0,0,0,0
1191,41,0,0,0,0,0,0,0
1192,40,0,0,0,0,0,0,0
1193,40,0,0,0,0,0,0,0
1194,40,0,0,0,0,0,0,0
1195,40,0,0,0,0,0,0,0
1196,40,0,0,0,0,0,0,0
1197,41,0,0,0,0,0,0,0
1198,41,0,0,0,0,0,0,0
1199,41,0,0,0,0,0,0,0
1200,41,0,0,0,0,0,0,0
1201,40,0,0,0,0,0,0,0
1202,40,0,0,0,0,0,0,0
1203,40,0,0,0,0,0,0,0
1204,41,0,0,0,0,0,0,0
1205,40,0,0,0,0,0,0,0
1206,40,0,0,0,0,0,0,0
1207,41,0,0,0,0,0,0,0
1208,40,0,0,0,0,0,0,0
1209,40,0,0,0,0,0,0,0
1210,41,0,0,0,0,0,0,0
1211,40,0,0,0,0,0,0,0
1212,40,0,0,0,0,0,0,0
1213,40,0,0,0,0,0,0,0
1214,40,0,0,0,0,0,0,0
1215,41,0,0,0,0,0,0,0
1216,39,0,0,0,0,0,0,0
1217,75,0,0,0,0,0,0,0
1218,235,0,0,0,0,0,0,0
1219,318,0,0,0,0,0,0,0
1220,258,0,0,0,0,0,0,0
1221,178,0,0,0,0,0,0,0
1222,344,0,0,0,0,0,0,0
1223,393,0,0,0,0,0,0,0
1224,165,0,0,0,0,0,0,0
1225,41,0,0,0,0,0,0,0
1226,41,0,0,0,0,0,0,0
1227,41,0,0,0,0,0,0,0
1228,40,0,0,0,0,0,0,0
1229,41,0,0,0,0,0,0,0
1230,41,0,0,0,0,0,0,0
1231,40,0,0,0,0,0,0,0
1232,41,0,0,0,0,0,0,0
1233,40,0,0,0,0,0,0,0
1234,40,0,0,0,0,0,0,0
1235,41,0,0,0,0,0,0,0
1236,39,0,0,0,0,0,0,0
1237,40,0,0,0,0,0,0,0
1238,41,0,0,0,0,0,0,0
1239,40,0,0,0,0,0,0,0
1240,40,0,0,0,0,0,0,0
1241,41,0,0,0,0,0,0,0
1242,40,0,0,0,0,0,0,0
1243,40,0,0,0,0,0,0,0
1244,40,0,0,0,0,0,0,0
1245,41,0,0,0,0,0,0,0
1246,41,0,0,0,0,0,0,0
1247,40,0,0,0,0,0,0,0
1248,40,0,0,0,0,0,0,0
1249,41,0,0,0,0,0,0,0
1250,40,0,0,0,0,0,0,0
1251,41,0,0,0,0,0,0,0
1252,40,0,0,0,0,0,0,0
1253,41,0,0,0,0,0,0,0
1254,41,0,0,0,0,0,0,0
1255,40,0,0,0,0,0,0,0
1256,40,0,0,0,0,0,0,0
1257,40,0,0,0,0,0,0,0
1258,40,0,0,0,0,0,0,0
1259,40,0,0,0,0,0,0,0
1260,41,0,0,0,0,0,0,0
1261,40,0,0,0,0,0,0,0
1262,40,0,0,0,0,0,0,0
1263,40,0,0,0,0,0,0,0
1264,41,0,0,0,0,0,0,0
1265,41,0,0,0,0,0,0,0
1266,40,0,0,0,0,0,0,0
1267,41,0,0,0,0,0,0,0
1268,41,0,0,0,0,0,0,0
1269,40,0,0,0,0,0,0,0
1270,40,0,0,0,0,0,0,0
1271,40,0,0,0,0,0,0,0
1272,40,0,0,0,0,0,0,0
1273,40,0,0,0,0,0,0,0
1274,40,0,0,0,0,0,0,0
1275,40,0,0,0,0,0,0,0
1276,61,0,0,0,0,0,0,0
1277,221,0,0,0,0,0,0,0
1278,312,0,0,0,0,0,0,0
1279,331,0,0,0,0,0,0,0
1280,155,0,0,0,0,0,0,0
1281,325,0,0,0,0,0,0,0
1282,388,0,0,0,0,0,0,0
1283,327,0,0,0,0,0,0,0
1284,43,0,0,0,0,0,0,0
1285,41,0,0,0,0,0,0,0
1286,40,0,0,0,0,0,0,0
1287,41,0,0,0,0,0,0,0
1288,41,0,0,0,0,0,0,0
1289,40,0,0,0,0,0,0,0
1290,41,0,0,0,0,0,0,0
1291,41,0,0,0,0,0,0,0
1292,40,0,0,0,0,0,0,0
1293,40,0,0,0,0,0,0,0
1294,41,0,0,0,0,0,0,0
1295,40,0,0,0,0,0,0,0
1296,40,0,0,0,0,0,0,0
1297,40,0,0,0,0,0,0,0
1298,40,0,0,0,0,0,0,0
1299,41,0,0,0,0,0,0,0
1300,40,0,0,0,0,0,0,0
1301,41,0,0,0,0,0,0,0
1302,40,0,0,0,0,0,0,0
1303,41,0,0,0,0,0,0,0
1304,41,0,0,0,0,0,0,0
1305,41,0,0,0,0,0,0,0
1306,40,0,0,0,0,0,0,0
1307,41,0,0,0,0,0,0,0
1308,40,0,0,0,0,0,0,0
1309,40,0,0,0,0,0,0,0
1310,41,0,0,0,0,0,0,0
1311,40,0,0,0,0,0,0,0
1312,41,0,0,0,0,0,0,0
1313,40,0,0,0,0,0,0,0
1314,40,0,0,0,0,0,0,0
1315,40,0,0,0,0,0,0,0
1316,40,0,0,0,0,0,0,0
1317,41,0,0,0,0,0,0,0
1318,41,0,0,0,0,0,0,0
1319,40,0,0,0,0,0,0,0
1320,40,0,0,0,0,0,0,0
1321,40,0,0,0,0,0,0,0
1322,40,0,0,0,0,0,0,0
1323,41,0,0,0,0,0,0,0
1324,40,0,0,0,0,0,0,0
1325,40,0,0,0,0,0,0,0
1326,41,0,0,0,0,0,0,0
1327,40,0,0,0,0,0,0,0
1328,40,0,0,0,0,0,0,0
1329,40,0,0,0,0,0,0,0
1330,41,0,0,0,0,0,0,0
1331,40,0,0,0,0,0,0,0
1332,52,0,0,0,0,0,0,0
1333,186,0,0,0,0,0,0,0
1334,294,0,0,0,0,0,0,0
1335,344,0,0,0,0,0,0,0
1336,157,0,0,0,0,0,0,0
1337,304,0,0,0,0,0,0,0
1338,379,0,0,0,0,0,0,0
1339,402,0,0,0,0,0,0,0
1340,51,0,0,0,0,0,0,0
1341,40,0,0,0,0,0,0,0
1342,40,0,0,0,0,0,0,0
1343,41,0,0,0,0,0,0,0
1344,40,0,0,0,0,0,0,0
1345,40,0,0,0,0,0,0,0
1346,40,0,0,0,0,0,0,0
1347,40,0,0,0,0,0,0,0
1348,41,0,0,0,0,0,0,0
1349,40,0,0,0,0,0,0,0
1350,41,0,0,0,0,0,0,0
1351,41,0,0,0,0,0,0,0
1352,40,0,0,0,0,0,0,0
1353,40,0,0,0,0,0,0,0
1354,40,0,0,0,0,0,0,0
1355,40,0,0,0,0,0,0,0
1356,40,0,0,0,0,0,0,0
1357,41,0,0,0,0,0,0,0
1358,40,0,0,0,0,0,0,0
1359,41,0,0,0,0,0,0,0
1360,40,0,0,0,0,0,0,0
1361,40,0,0,0,0,0,0,0
1362,41,0,0,0,0,0,0,0
1363,41,0,0,0,0,0,0,0
1364,40,0,0,0,0,0,0,0
1365,41,0,0,0,0,0,0,0
1366,40,0,0,0,0,0,0,0
1367,41,0,0,0,0,0,0,0
1368,41,0,0,0,0,0,0,0
1369,40,0,0,0,0,0,0,0
1370,40,0,0,0,0,0,0,0
1371,40,0,0,0,0,0,0,0
1372,40,0,0,0,0,0,0,0
1373,41,0,0,0,0,0,0,0
1374,41,0,0,0,0,0,0,0
1375,41,0,0,0,0,0,0,0
1376,41,0,0,0,0,0,0,0
1377,40,0,0,0,0,0,0,0
1378,41,0,0,0,0,0,0,0
1379,40,0,0,0,0,0,0,0
1380,40,0,0,0,0,0,0,0
1381,40,0,0,0,0,0,0,0
1382,40,0,0,0,0,0,0,0
1383,41,0,0,0,0,0,0,0
1384,40,0,0,0,0,0,0,0
1385,41,0,0,0,0,0,0,0
1386,41,0,0,0,0,0,0,0
1387,41,0,0,0,0,0,0,0
1388,41,0,0,0,0,0,0,0
1389,40,0,0,0,0,0,0,0
1390,40,0,0,0,0,0,0,0
1391,46,0,0,0,0,0,0,0
1392,165,0,0,0,0,0,0,0
1393,289,0,0,0,0,0,0,0
1394,347,0,0,0,0,0,0,0
1395,166,0,0,0,0,0,0,0
1396,266,0,0,0,0,0,0,0
1397,372,0,0,0,0,0,0,0
1398,407,0,0,0,0,0,0,0
1399,60,0,0,0,0,0,0,0
1400,41,0,0,0,0,0,0,0
1401,41,0,0,0,0,0,0,0
1402,39,0,0,0,0,0,0,0
1403,41,0,0,0,0,0,0,0
1404,41,0,0,0,0,0,0,0
1405,40,0,0,0,0,0,0,0
1406,40,0,0,0,0,0,0,0
1407,41,0,0,0,0,0,0,0
1408,40,0,0,0,0,0,0,0
1409,40,0,0,0,0,0,0,0
1410,40,0,0,0,0,0,0,0
1411,40,0,0,0,0,0,0,0
1412,41,0,0,0,0,0,0,0
1413,41,0,0,0,0,0,0,0
1414,40,0,0,0,0,0,0,0
1415,41,0,0,0,0,0,0,0
1416,40,0,0,0,0,0,0,0
1417,40,0,0,0,0,0,0,0
1418,40,0,0,0,0,0,0,0
1419,40,0,0,0,0,0,0,0
1420,40,0,0,0,0,0,0,0
1421,41,0,0,0,0,0,0,0
1422,40,0,0,0,0,0,0,0
1423,40,0,0,0,0,0,0,0
1424,40,0,0,0,0,0,0,0
1425,40,0,0,0,0,0,0,0
1426,41,0,0,0,0,0,0,0
1427,40,0,0,0,0,0,0,0
1428,41,0,0,0,0,0,0,0
1429,40,0,0,0,0,0,0,0
1430,40,0,0,0,0,0,0,0
1431,41,0,0,0,0,0,0,0
1432,40,0,0,0,0,0,0,0
1433,40,0,0,0,0,0,0,0
1434,40,0,0,0,0,0,0,0
1435,40,0,0,0,0,0,0,0
1436,41,0,0,0,0,0,0,0
1437,40,0,0,0,0,0,0,0
1438,40,0,0,0,0,0,0,0
1439,41,0,0,0,0,0,0,0
1440,40,0,0,0,0,0,0,0
1441,40,0,0,0,0,0,0,0
1442,41,0,0,0,0,0,0,0
1443,40,0,0,0,0,0,0,0
1444,40,0,0,0,0,0,0,0
1445,41,0,0,0,0,0,0,0
1446,40,0,0,0,0,0,0,0
1447,41,0,0,0,0,0,0,0
1448,109,0,0,0,0,0,0,0
1449,267,0,0,0,0,0,0,0
1450,335,0,0,0,0,0,0,0
1451,189,0,0,0,0,0,0,0
1452,224,0,0,0,0,0,0,0
1453,362,0,0,0,0,0,0,0
1454,401,0,0,0,0,0,0,0
1455,91,0,0,0,0,0,0,0
1456,41,0,0,0,0,0,0,0
1457,40,0,0,0,0,0,0,0
1458,40,0,0,0,0,0,0,0
1459,41,0,0,0,0,0,0,0
1460,40,0,0,0,0,0,0,0
1461,40,0,0,0,0,0,0,0
1462,41,0,0,0,0,0,0,0
1463,40,0,0,0,0,0,0,0
1464,41,0,0,0,0,0,0,0
1465,41,0,0,0,0,0,0,0
1466,40,0,0,0,0,0,0,0
1467,41,0,0,0,0,0,0,0
1468,40,0,0,0,0,0,0,0
1469,40,0,0,0,0,0,0,0
1470,41,0,0,0,0,0,0,0
1471,40,0,0,0,0,0,0,0
1472,40,0,0,0,0,0,0,0
1473,41,0,0,0,0,0,0,0
1474,40,0,0,0,0,0,0,0
1475,40,0,0,0,0,0,0,0
1476,40,0,0,0,0,0,0,0
1477,41,0,0,0,0,0,0,0
1478,41,0,0,0,0,0,0,0
1479,40,0,0,0,0,0,0,0
1480,40,0,0,0,0,0,0,0
1481,41,0,0,0,0,0,0,0
1482,40,0,0,0,0,0,0,0
1483,41,0,0,0,0,0,0,0
1484,41,0,0,0,0,0,0,0
1485,40,0,0,0,0,0,0,0
1486,40,0,0,0,0,0,0,0
1487,41,0,0,0,0,0,0,0
1488,41,0,0,0,0,0,0,0
1489,41,0,0,0,0,0,0,0
1490,40,0,0,0,0,0,0,0
1491,40,0,0,0,0,0,0,0
1492,41,0,0,0,0,0,0,0
1493,40,0,0,0,0,0,0,0
1494,40,0,0,0,0,0,0,0
1495,41,0,0,0,0,0,0,0
1496,40,0,0,0,0,0,0,0
1497,41,0,0,0,0,0,0,0
1498,40,0,0,0,0,0,0,0
1499,40,0,0,0,0,0,0,0
1500,41,0,0,0,0,0,0,0
1501,41,0,0,0,0,0,0,0
1502,41,0,0,0,0,0,0,0
1503,41,0,0,0,0,0,0,0
1504,41,0,0,0,0,0,0,0
1505,41,0,0,0,0,0,0,0
1506,40,0,0,0,0,0,0,0
1507,85,0,0,0,0,0,0,0
1508,248,0,0,0,0,0,0,0
1509,325,0,0,0,0,0,0,0
1510,290,0,0,0,0,0,0,0
1511,166,0,0,0,0,0,0,0
1512,342,0,0,0,0,0,0,0
1513,393,0,0,0,0,0,0,0
1514,202,0,0,0,0,0,0,0
1515,42,0,0,0,0,0,0,0
1516,40,0,0,0,0,0,0,0
1517,40,0,0,0,0,0,0,0
1518,40,0,0,0,0,0,0,0
1519,40,0,0,0,0,0,0,0
1520,41,0,0,0,0,0,0,0
1521,40,0,0,0,0,0,0,0
1522,40,0,0,0,0,0,0,0
1523,41,0,0,0,0,0,0,0
1524,40,0,0,0,0,0,0,0
1525,40,0,0,0,0,0,0,0
1526,40,0,0,0,0,0,0,0
1527,40,0,0,0,0,0,0,0
1528,41,0,0,0,0,0,0,0
1529,39,0,0,0,0,0,0,0
1530,40,0,0,0,0,0,0,0
1531,41,0,0,0,0,0,0,0
1532,40,0,0,0,0,0,0,0
1533,41,0,0,0,0,0,0,0
1534,40,0,0,0,0,0,0,0
1535,40,0,0,0,0,0,0,0
1536,40,0,0,0,0,0,0,0
1537,40,0,0,0,0,0,0,0
1538,41,0,0,0,0,0,0,0
1539,41,0,0,0,0,0,0,0
1540,40,0,0,0,0,0,0,0
1541,40,0,0,0,0,0,0,0
1542,42,0,0,0,0,0,0,0
1543,41,0,0,0,0,0,0,0
1544,41,0,0,0,0,0,0,0
1545,40,0,0,0,0,0,0,0
1546,40,0,0,0,0,0,0,0
1547,41,0,0,0,0,0,0,0
1548,40,0,0,0,0,0,0,0
1549,40,0,0,0,0,0,0,0
1550,40,0,0,0,0,0,0,0
1551,40,0,0,0,0,0,0,0
1552,40,0,0,0,0,0,0,0
1553,41,0,0,0,0,0,0,0
1554,40,0,0,0,0,0,0,0
1555,41,0,0,0,0,0,0,0
1556,40,0,0,0,0,0,0,0
1557,40,0,0,0,0,0,0,0
1558,41,0,0,0,0,0,0,0
1559,40,0,0,0,0,0,0,0
1560,40,0,0,0,0,0,0,0
1561,40,0,0,0,0,0,0,0
1562,40,0,0,0,0,0,0,0
1563,64,0,0,0,0,0,0,0
1564,218,0,0,0,0,0,0,0
1565,310,0,0,0,0,0,0,0
1566,325,0,0,0,0,0,0,0
1567,155,0,0,0,0,0,0,0
1568,323,0,0,0,0,0,0,0
1569,385,0,0,0,0,0,0,0
1570,371,0,0,0,0,0,0,0
1571,46,0,0,0,0,0,0,0
1572,41,0,0,0,0,0,0,0
1573,41,0,0,0,0,0,0,0
1574,40,0,0,0,0,0,0,0
1575,40,0,0,0,0,0,0,0
1576,40,0,0,0,0,0,0,0
1577,40,0,0,0,0,0,0,0
1578,41,0,0,0,0,0,0,0
1579,41,0,0,0,0,0,0,0
1580,40,0,0,0,0,0,0,0
1581,40,0,0,0,0,0,0,0
1582,40,0,0,0,0,0,0,0
1583,40,0,0,0,0,0,0,0
1584,40,0,0,0,0,0,0,0
1585,40,0,0,0,0,0,0,0
1586,40,0,0,0,0,0,0,0
1587,40,0,0,0,0,0,0,0
1588,40,0,0,0,0,0,0,0
1589,41,0,0,0,0,0,0,0
1590,41,0,0,0,0,0,0,0
1591,40,0,0,0,0,0,0,0
1592,41,0,0,0,0,0,0,0
1593,40,0,0,0,0,0,0,0
1594,40,0,0,0,0,0,0,0
1595,40,0,0,0,0,0,0,0
1596,40,0,0,0,0,0,0,0
1597,41,0,0,0,0,0,0,0
1598,40,0,0,0,0,0,0,0
1599,41,0,0,0,0,0,0,0
1600,41,0,0,0,0,0,0,0
1601,41,0,0,0,0,0,0,0
1602,40,0,0,0,0,0,0,0
1603,41,0,0,0,0,0,0,0
1604,40,0,0,0,0,0,0,0
1605,40,0,0,0,0,0,0,0
1606,40,0,0,0,0,0,0,0
1607,41,0,0,0,0,0,0,0
1608,41,0,0,0,0,0,0,0
1609,41,0,0,0,0,0,0,0
1610,40,0,0,0,0,0,0,0
1611,41,0,0,0,0,0,0,0
1612,40,0,0,0,0,0,0,0
1613,40,0,0,0,0,0,0,0
1614,40,0,0,0,0,0,0,0
1615,40,0,0,0,0,0,0,0
1616,41,0,0,0,0,0,0,0
1617,40,0,0,0,0,0,0,0
1618,41,0,0,0,0,0,0,0
1619,40,0,0,0,0,0,0,0
1620,41,0,0,0,0,0,0,0
1621,41,0,0,0,0,0,0,0
1622,55,0,0,0,0,0,0,0
1623,205,0,0,0,0,0,0,0
1624,304,0,0,0,0,0,0,0
1625,353,0,0,0,0,0,0,0
1626,156,0,0,0,0,0,0,0
1627,298,0,0,0,0,0,0,0
1628,381,0,0,0,0,0,0,0
1629,411,0,0,0,0,0,0,0
1630,54,0,0,0,0,0,0,0
1631,41,0,0,0,0,0,0,0
1632,40,0,0,0,0,0,0,0
1633,40,0,0,0,0,0,0,0
1634,40,0,0,0,0,0,0,0
1635,40,0,0,0,0,0,0,0
1636,40,0,0,0,0,0,0,0
1637,40,0,0,0,0,0,0,0
1638,40,0,0,0,0,0,0,0
1639,40,0,0,0,0,0,0,0
1640,40,0,0,0,0,0,0,0
1641,41,0,0,0,0,0,0,0
1642,40,0,0,0,0,0,0,0
1643,41,0,0,0,0,0,0,0
1644,41,0,0,0,0,0,0,0
1645,40,0,0,0,0,0,0,0
1646,40,0,0,0,0,0,0,0
1647,40,0,0,0,0,0,0,0
1648,40,0,0,0,0,0,0,0
1649,40,0,0,0,0,0,0,0
1650,41,0,0,0,0,0,0,0
1651,40,0,0,0,0,0,0,0
1652,41,0,0,0,0,0,0,0
1653,40,0,0,0,0,0,0,0
1654,40,0,0,0,0,0,0,0
1655,41,0,0,0,0,0,0,0
1656,40,0,0,0,0,0,0,0
1657,41,0,0,0,0,0,0,0
1658,41,0,0,0,0,0,0,0
1659,40,0,0,0,0,0,0,0
1660,41,0,0,0,0,0,0,0
1661,40,0,0,0,0,0,0,0
1662,41,0,0,0,0,0,0,0
1663,41,0,0,0,0,0,0,0
1664,41,0,0,0,0,0,0,0
1665,41,0,0,0,0,0,0,0
1666,41,0,0,0,0,0,0,0
1667,40,0,0,0,0,0,0,0
1668,40,0,0,0,0,0,0,0
1669,41,0,0,0,0,0,0,0
1670,40,0,0,0,0,0,0,0
1671,41,0,0,0,0,0,0,0
1672,40,0,0,0,0,0,0,0
1673,41,0,0,0,0,0,0,0
1674,40,0,0,0,0,0,0,0
1675,40,0,0,0,0,0,0,0
1676,40,0,0,0,0,0,0,0
1677,40,0,0,0,0,0,0,0
1678,47,0,0,0,0,0,0,0
1679,161,0,0,0,0,0,0,0
1680,286,0,0,0,0,0,0,0
1681,345,0,0,0,0,0,0,0
1682,165,0,0,0,0,0,0,0
1683,260,0,0,0,0,0,0,0
1684,370,0,0,0,0,0,0,0
1685,405,0,0,0,0,0,0,0
1686,73,0,0,0,0,0,0,0
1687,41,0,0,0,0,0,0,0
1688,41,0,0,0,0,0,0,0
1689,41,0,0,0,0,0,0,0
1690,40,0,0,0,0,0,0,0
1691,40,0,0,0,0,0,0,0
1692,40,0,0,0,0,0,0,0
1693,41,0,0,0,0,0,0,0
1694,41,0,0,0,0,0,0,0
1695,40,0,0,0,0,0,0,0
1696,41,0,0,0,0,0,0,0
1697,41,0,0,0,0,0,0,0
1698,40,0,0,0,0,0,0,0
1699,39,0,0,0,0,0,0,0
1700,40,0,0,0,0,0,0,0
1701,40,0,0,0,0,0,0,0
1702,40,0,0,0,0,0,0,0
1703,40,0,0,0,0,0,0,0
1704,40,0,0,0,0,0,0,0
1705,41,0,0,0,0,0,0,0
1706,40,0,0,0,0,0,0,0
1707,40,0,0,0,0,0,0,0
1708,41,0,0,0,0,0,0,0
1709,40,0,0,0,0,0,0,0
1710,40,0,0,0,0,0,0,0
1711,40,0,0,0,0,0,0,0
1712,40,0,0,0,0,0,0,0
1713,41,0,0,0,0,0,0,0
1714,40,0,0,0,0,0,0,0
1715,41,0,0,0,0,0,0,0
1716,41,0,0,0,0,0,0,0
1717,41,0,0,0,0,0,0,0
1718,41,0,0,0,0,0,0,0
1719,41,0,0,0,0,0,0,0
1720,40,0,0,0,0,0,0,0
1721,41,0,0,0,0,0,0,0
1722,40,0,0,0,0,0,0,0
1723,41,0,0,0,0,0,0,0
1724,41,0,0,0,0,0,0,0
1725,40,0,0,0,0,0,0,0
1726,41,0,0,0,0,0,0,0
1727,40,0,0,0,0,0,0,0
1728,40,0,0,0,0,0,0,0
1729,40,0,0,0,0,0,0,0
1730,39,0,0,0,0,0,0,0
1731,40,0,0,0,0,0,0,0
1732,41,0,0,0,0,0,0,0
1733,40,0,0,0,0,0,0,0
1734,40,0,0,0,0,0,0,0
1735,41,0,0,0,0,0,0,0
1736,41,0,0,0,0,0,0,0
1737,42,0,0,0,0,0,0,0
1738,132,0,0,0,0,0,0,0
1739,278,0,0,0,0,0,0,0
1740,342,0,0,0,0,0,0,0
1741,210,0,0,0,0,0,0,0
1742,205,0,0,0,0,0,0,0
1743,360,0,0,0,0,0,0,0
1744,401,0,0,0,0,0,0,0
1745,105,0,0,0,0,0,0,0
1746,40,0,0,0,0,0,0,0
1747,41,0,0,0,0,0,0,0
1748,40,0,0,0,0,0,0,0
1749,40,0,0,0,0,0,0,0
1750,40,0,0,0,0,0,0,0
1751,40,0,0,0,0,0,0,0
1752,40,0,0,0,0,0,0,0
1753,40,0,0,0,0,0,0,0
1754,41,0,0,0,0,0,0,0
1755,40,0,0,0,0,0,0,0
1756,40,0,0,0,0,0,0,0
1757,41,0,0,0,0,0,0,0
1758,40,0,0,0,0,0,0,0
1759,41,0,0,0,0,0,0,0
1760,40,0,0,0,0,0,0,0
1761,40,0,0,0,0,0,0,0
1762,40,0,0,0,0,0,0,0
1763,40,0,0,0,0,0,0,0
1764,40,0,0,0,0,0,0,0
1765,40,0,0,0,0,0,0,0
1766,40,0,0,0,0,0,0,0
1767,40,0,0,0,0,0,0,0
1768,40,0,0,0,0,0,0,0
1769,40,0,0,0,0,0,0,0
1770,40,0,0,0,0,0,0,0
1771,40,0,0,0,0,0,0,0
1772,41,0,0,0,0,0,0,0
1773,40,0,0,0,0,0,0,0
1774,40,0,0,0,0,0,0,0
1775,40,0,0,0,0,0,0,0
1776,40,0,0,0,0,0,0,0
1777,40,0,0,0,0,0,0,0
1778,40,0,0,0,0,0,0,0
1779,41,0,0,0,0,0,0,0
1780,41,0,0,0,0,0,0,0
1781,41,0,0,0,0,0,0,0
1782,41,0,0,0,0,0,0,0
1783,40,0,0,0,0,0,0,0
1784,41,0,0,0,0,0,0,0
1785,40,0,0,0,0,0,0,0
1786,40,0,0,0,0,0,0,0
1787,40,0,0,0,0,0,0,0
1788,40,0,0,0,0,0,0,0
1789,41,0,0,0,0,0,0,0
1790,40,0,0,0,0,0,0,0
1791,40,0,0,0,0,0,0,0
1792,41,0,0,0,0,0,0,0
1793,42,0,0,0,0,0,0,0
1794,116,0,0,0,0,0,0,0
1795,269,0,0,0,0,0,0,0
1796,337,0,0,0,0,0,0,0
1797,196,0,0,0,0,0,0,0
1798,213,0,0,0,0,0,0,0
1799,359,0,0,0,0,0,0,0
1800,401,0,0,0,0,0,0,0
1801,125,0,0,0,0,0,0,0
1802,41,0,0,0,0,0,0,0
1803,42,0,0,0,0,0,0,0
1804,40,0,0,0,0,0,0,0
1805,41,0,0,0,0,0,0,0
1806,40,0,0,0,0,0,0,0
1807,40,0,0,0,0,0,0,0
1808,41,0,0,0,0,0,0,0
1809,40,0,0,0,0,0,0,0
1810,41,0,0,0,0,0,0,0
1811,41,0,0,0,0,0,0,0
1812,40,0,0,0,0,0,0,0
1813,41,0,0,0,0,0,0,0
1814,40,0,0,0,0,0,0,0
1815,41,0,0,0,0,0,0,0
1816,41,0,0,0,0,0,0,0
1817,40,0,0,0,0,0,0,0
1818,40,0,0,0,0,0,0,0
1819,41,0,0,0,0,0,0,0
1820,40,0,0,0,0,0,0,0
1821,40,0,0,0,0,0,0,0
1822,41,0,0,0,0,0,0,0
1823,41,0,0,0,0,0,0,0
1824,40,0,0,0,0,0,0,0
1825,40,0,0,0,0,0,0,0
1826,40,0,0,0,0,0,0,0
1827,40,0,0,0,0,0,0,0
1828,40,0,0,0,0,0,0,0
1829,40,0,0,0,0,0,0,0
1830,41,0,0,0,0,0,0,0
1831,41,0,0,0,0,0,0,0
1832,40,0,0,0,0,0,0,0
1833,40,0,0,0,0,0,0,0
1834,40,0,0,0,0,0,0,0
1835,40,0,0,0,0,0,0,0
1836,40,0,0,0,0,0,0,0
1837,40,0,0,0,0,0,0,0
1838,40,0,0,0,0,0,0,0
1839,40,0,0,0,0,0,0,0
1840,40,0,0,0,0,0,0,0
1841,41,0,0,0,0,0,0,0
1842,40,0,0,0,0,0,0,0
1843,41,0,0,0,0,0,0,0
1844,40,0,0,0,0,0,0,0
1845,40,0,0,0,0,0,0,0
1846,40,0,0,0,0,0,0,0
1847,40,0,0,0,0,0,0,0
1848,40,0,0,0,0,0,0,0
1849,41,0,0,0,0,0,0,0
1850,40,0,0,0,0,0,0,0
1851,41,0,0,0,0,0,0,0
1852,41,0,0,0,0,0,0,0
1853,97,0,0,0,0,0,0,0
1854,255,0,0,0,0,0,0,0
1855,329,0,0,0,0,0,0,0
1856,290,0,0,0,0,0,0,0
1857,164,0,0,0,0,0,0,0
1858,340,0,0,0,0,0,0,0
1859,393,0,0,0,0,0,0,0
1860,292,0,0,0,0,0,0,0
1861,44,0,0,0,0,0,0,0
1862,41,0,0,0,0,0,0,0
1863,40,0,0,0,0,0,0,0
1864,40,0,0,0,0,0,0,0
1865,41,0,0,0,0,0,0,0
1866,41,0,0,0,0,0,0,0
1867,40,0,0,0,0,0,0,0
1868,40,0,0,0,0,0,0,0
1869,41,0,0,0,0,0,0,0
1870,40,0,0,0,0,0,0,0
1871,41,0,0,0,0,0,0,0
1872,41,0,0,0,0,0,0,0
1873,41,0,0,0,0,0,0,0
1874,40,0,0,0,0,0,0,0
1875,40,0,0,0,0,0,0,0
1876,40,0,0,0,0,0,0,0
1877,41,0,0,0,0,0,0,0
1878,41,0,0,0,0,0,0,0
1879,40,0,0,0,0,0,0,0
1880,41,0,0,0,0,0,0,0
1881,41,0,0,0,0,0,0,0
1882,40,0,0,0,0,0,0,0
1883,40,0,0,0,0,0,0,0
1884,40,0,0,0,0,0,0,0
1885,41,0,0,0,0,0,0,0
1886,40,0,0,0,0,0,0,0
1887,40,0,0,0,0,0,0,0
1888,41,0,0,0,0,0,0,0
1889,40,0,0,0,0,0,0,0
1890,41,0,0,0,0,0,0,0
1891,41,0,0,0,0,0,0,0
1892,40,0,0,0,0,0,0,0
1893,40,0,0,0,0,0,0,0
1894,40,0,0,0,0,0,0,0
1895,40,0,0,0,0,0,0,0
1896,41,0,0,0,0,0,0,0
1897,40,0,0,0,0,0,0,0
1898,40,0,0,0,0,0,0,0
1899,41,0,0,0,0,0,0,0
1900,40,0,0,0,0,0,0,0
1901,40,0,0,0,0,0,0,0
1902,41,0,0,0,0,0,0,0
1903,40,0,0,0,0,0,0,0
1904,41,0,0,0,0,0,0,0
1905,40,0,0,0,0,0,0,0
1906,40,0,0,0,0,0,0,0
1907,41,0,0,0,0,0,0,0
1908,40,0,0,0,0,0,0,0
1909,77,0,0,0,0,0,0,0
1910,236,0,0,0,0,0,0,0
1911,319,0,0,0,0,0,0,0
1912,305,0,0,0,0,0,0,0
1913,160,0,0,0,0,0,0,0
1914,330,0,0,0,0,0,0,0
1915,389,0,0,0,0,0,0,0
1916,376,0,0,0,0,0,0,0
1917,48,0,0,0,0,0,0,0
1918,41,0,0,0,0,0,0,0
1919,42,0,0,0,0,0,0,0
1920,40,0,0,0,0,0,0,0
1921,41,0,0,0,0,0,0,0
1922,40,0,0,0,0,0,0,0
1923,41,0,0,0,0,0,0,0
1924,40,0,0,0,0,0,0,0
1925,40,0,0,0,0,0,0,0
1926,41,0,0,0,0,0,0,0
1927,40,0,0,0,0,0,0,0
1928,41,0,0,0,0,0,0,0
1929,41,0,0,0,0,0,0,0
1930,41,0,0,0,0,0,0,0
1931,40,0,0,0,0,0,0,0
1932,40,0,0,0,0,0,0,0
1933,41,0,0,0,0,0,0,0
1934,41,0,0,0,0,0,0,0
1935,41,0,0,0,0,0,0,0
1936,40,0,0,0,0,0,0,0
1937,40,0,0,0,0,0,0,0
1938,39,0,0,0,0,0,0,0
1939,41,0,0,0,0,0,0,0
1940,40,0,0,0,0,0,0,0
1941,40,0,0,0,0,0,0,0
1942,40,0,0,0,0,0,0,0
1943,41,0,0,0,0,0,0,0
1944,40,0,0,0,0,0,0,0
1945,41,0,0,0,0,0,0,0
1946,41,0,0,0,0,0,0,0
1947,40,0,0,0,0,0,0,0
1948,41,0,0,0,0,0,0,0
1949,41,0,0,0,0,0,0,0
1950,40,0,0,0,0,0,0,0
1951,41,0,0,0,0,0,0,0
1952,40,0,0,0,0,0,0,0
1953,40,0,0,0,0,0,0,0
1954,41,0,0,0,0,0,0,0
1955,40,0,0,0,0,0,0,0
1956,40,0,0,0,0,0,0,0
1957,41,0,0,0,0,0,0,0
1958,40,0,0,0,0,0,0,0
1959,40,0,0,0,0,0,0,0
1960,40,0,0,0,0,0,0,0
1961,40,0,0,0,0,0,0,0
1962,40,0,0,0,0,0,0,0
1963,40,0,0,0,0,0,0,0
1964,40,0,0,0,0,0,0,0
1965,40,0,0,0,0,0,0,0
1966,40,0,0,0,0,0,0,0
1967,40,0,0,0,0,0,0,0
1968,63,0,0,0,0,0,0,0
1969,223,0,0,0,0,0,0,0
1970,313,0,0,0,0,0,0,0
1971,353,0,0,0,0,0,0,0
1972,155,0,0,0,0,0,0,0
1973,302,0,0,0,0,0,0,0
1974,382,0,0,0,0,0,0,0
1975,413,0,0,0,0,0,0,0
1976,57,0,0,0,0,0,0,0
1977,42,0,0,0,0,0,0,0
1978,40,0,0,0,0,0,0,0
1979,41,0,0,0,0,0,0,0
1980,40,0,0,0,0,0,0,0
1981,40,0,0,0,0,0,0,0
1982,41,0,0,0,0,0,0,0
1983,40,0,0,0,0,0,0,0
1984,40,0,0,0,0,0,0,0
1985,41,0,0,0,0,0,0,0
1986,41,0,0,0,0,0,0,0
1987,41,0,0,0,0,0,0,0
1988,41,0,0,0,0,0,0,0
1989,41,0,0,0,0,0,0,0
1990,41,0,0,0,0,0,0,0
1991,40,0,0,0,0,0,0,0
1992,41,0,0,0,0,0,0,0
1993,41,0,0,0,0,0,0,0
1994,40,0,0,0,0,0,0,0
1995,40,0,0,0,0,0,0,0
1996,41,0,0,0,0,0,0,0
1997,40,0,0,0,0,0,0,0
1998,41,0,0,0,0,0,0,0
1999,41,0,0,0,0,0,0,0
2000,40,0,0,0,0,0,0,0
2001,41,0,0,0,0,0,0,0
2002,40,0,0,0,0,0,0,0
2003,41,0,0,0,0,0,0,0
2004,43,0,0,0,0,0,0,0
2005,40,0,0,0,0,0,0,0
2006,40,0,0,0,0,0,0,0
2007,40,0,0,0,0,0,0,0
2008,40,0,0,0,0,0,0,0
2009,41,0,0,0,0,0,0,0
2010,40,0,0,0,0,0,0,0
2011,40,0,0,0,0,0,0,0
2012,40,0,0,0,0,0,0,0
2013,40,0,0,0,0,0,0,0
2014,40,0,0,0,0,0,0,0
2015,42,0,0,0,0,0,0,0
2016,41,0,0,0,0,0,0,0
2017,40,0,0,0,0,0,0,0
2018,40,0,0,0,0,0,0,0
2019,40,0,0,0,0,0,0,0
2020,40,0,0,0,0,0,0,0
2021,40,0,0,0,0,0,0,0
2022,40,0,0,0,0,0,0,0
2023,41,0,0,0,0,0,0,0
2024,53,0,0,0,0,0,0,0
2025,190,0,0,0,0,0,0,0
2026,297,0,0,0,0,0,0,0
2027,349,0,0,0,0,0,0,0
2028,160,0,0,0,0,0,0,0
2029,270,0,0,0,0,0,0,0
2030,373,0,0,0,0,0,0,0
2031,407,0,0,0,0,0,0,0
2032,76,0,0,0,0,0,0,0
2033,41,0,0,0,0,0,0,0
2034,41,0,0,0,0,0,0,0
2035,42,0,0,0,0,0,0,0
2036,40,0,0,0,0,0,0,0
2037,40,0,0,0,0,0,0,0
2038,40,0,0,0,0,0,0,0
2039,40,0,0,0,0,0,0,0
2040,40,0,0,0,0,0,0,0
2041,40,0,0,0,0,0,0,0
2042,41,0,0,0,0,0,0,0
2043,41,0,0,0,0,0,0,0
2044,40,0,0,0,0,0,0,0
2045,40,0,0,0,0,0,0,0
2046,41,0,0,0,0,0,0,0
2047,40,0,0,0,0,0,0,0
2048,41,0,0,0,0,0,0,0
2049,41,0,0,0,0,0,0,0
2050,41,0,0,0,0,0,0,0
2051,40,0,0,0,0,0,0,0
2052,41,0,0,0,0,0,0,0
2053,41,0,0,0,0,0,0,0
2054,40,0,0,0,0,0,0,0
2055,40,0,0,0,0,0,0,0
2056,40,0,0,0,0,0,0,0
2057,39,0,0,0,0,0,0,0
2058,40,0,0,0,0,0,0,0
2059,40,0,0,0,0,0,0,0
2060,40,0,0,0,0,0,0,0
2061,40,0,0,0,0,0,0,0
2062,41,0,0,0,0,0,0,0
2063,40,0,0,0,0,0,0,0
2064,40,0,0,0,0,0,0,0
2065,40,0,0,0,0,0,0,0
2066,40,0,0,0,0,0,0,0
2067,40,0,0,0,0,0,0,0
2068,40,0,0,0,0,0,0,0
2069,41,0,0,0,0,0,0,0
2070,40,0,0,0,0,0,0,0
2071,41,0,0,0,0,0,0,0
2072,41,0,0,0,0,0,0,0
2073,41,0,0,0,0,0,0,0
2074,41,0,0,0,0,0,0,0
2075,41,0,0,0,0,0,0,0
2076,40,0,0,0,0,0,0,0
2077,40,0,0,0,0,0,0,0
2078,40,0,0,0,0,0,0,0
2079,40,0,0,0,0,0,0,0
2080,41,0,0,0,0,0,0,0
2081,41,0,0,0,0,0,0,0
2082,41,0,0,0,0,0,0,0
2083,46,0,0,0,0,0,0,0
2084,160,0,0,0,0,0,0,0
2085,289,0,0,0,0,0,0,0
2086,347,0,0,0,0,0,0,0
2087,198,0,0,0,0,0,0,0
2088,214,0,0,0,0,0,0,0
2089,362,0,0,0,0,0,0,0
2090,403,0,0,0,0,0,0,0
2091,114,0,0,0,0,0,0,0
2092,41,0,0,0,0,0,0,0
2093,41,0,0,0,0,0,0,0
2094,40,0,0,0,0,0,0,0
2095,40,0,0,0,0,0,0,0
2096,40,0,0,0,0,0,0,0
2097,41,0,0,0,0,0,0,0
2098,40,0,0,0,0,0,0,0
2099,40,0,0,0,0,0,0,0
2100,41,0,0,0,0,0,0,0
2101,40,0,0,0,0,0,0,0
2102,40,0,0,0,0,0,0,0
2103,40,0,0,0,0,0,0,0
2104,40,0,0,0,0,0,0,0
2105,41,0,0,0,0,0,0,0
2106,40,0,0,0,0,0,0,0
2107,40,0,0,0,0,0,0,0
2108,41,0,0,0,0,0,0,0
2109,40,0,0,0,0,0,0,0
2110,40,0,0,0,0,0,0,0
2111,41,0,0,0,0,0,0,0
2112,41,0,0,0,0,0,0,0
2113,40,0,0,0,0,0,0,0
2114,40,0,0,0,0,0,0,0
2115,40,0,0,0,0,0,0,0
2116,41,0,0,0,0,0,0,0
2117,40,0,0,0,0,0,0,0
2118,40,0,0,0,0,0,0,0
2119,41,0,0,0,0,0,0,0
2120,40,0,0,0,0,0,0,0
2121,40,0,0,0,0,0,0,0
2122,40,0,0,0,0,0,0,0
2123,40,0,0,0,0,0,0,0
2124,40,0,0,0,0,0,0,0
2125,40,0,0,0,0,0,0,0
2126,40,0,0,0,0,0,0,0
2127,40,0,0,0,0,0,0,0
2128,40,0,0,0,0,0,0,0
2129,40,0,0,0,0,0,0,0
2130,41,0,0,0,0,0,0,0
2131,40,0,0,0,0,0,0,0
2132,40,0,0,0,0,0,0,0
2133,40,0,0,0,0,0,0,0
2134,40,0,0,0,0,0,0,0
2135,41,0,0,0,0,0,0,0
2136,40,0,0,0,0,0,0,0
2137,40,0,0,0,0,0,0,0
2138,40,0,0,0,0,0,0,0
2139,46,0,0,0,0,0,0,0
2140,147,0,0,0,0,0,0,0
2141,281,0,0,0,0,0,0,0
2142,343,0,0,0,0,0,0,0
2143,186,0,0,0,0,0,0,0
2144,221,0,0,0,0,0,0,0
2145,361,0,0,0,0,0,0,0
2146,402,0,0,0,0,0,0,0
2147,133,0,0,0,0,0,0,0
2148,42,0,0,0,0,0,0,0
2149,41,0,0,0,0,0,0,0
2150,40,0,0,0,0,0,0,0
2151,40,0,0,0,0,0,0,0
2152,40,0,0,0,0,0,0,0
2153,40,0,0,0,0,0,0,0
2154,41,0,0,0,0,0,0,0
2155,40,0,0,0,0,0,0,0
2156,40,0,0,0,0,0,0,0
2157,40,0,0,0,0,0,0,0
2158,41,0,0,0,0,0,0,0
2159,40,0,0,0,0,0,0,0
2160,41,0,0,0,0,0,0,0
2161,40,0,0,0,0,0,0,0
2162,40,0,0,0,0,0,0,0
2163,40,0,0,0,0,0,0,0
2164,40,0,0,0,0,0,0,0
2165,40,0,0,0,0,0,0,0
2166,41,0,0,0,0,0,0,0
2167,40,0,0,0,0,0,0,0
2168,41,0,0,0,0,0,0,0
2169,41,0,0,0,0,0,0,0
2170,41,0,0,0,0,0,0,0
2171,40,0,0,0,0,0,0,0
2172,40,0,0,0,0,0,0,0
2173,41,0,0,0,0,0,0,0
2174,40,0,0,0,0,0,0,0
2175,41,0,0,0,0,0,0,0
2176,41,0,0,0,0,0,0,0
2177,40,0,0,0,0,0,0,0
2178,40,0,0,0,0,0,0,0
2179,40,0,0,0,0,0,0,0
2180,41,0,0,0,0,0,0,0
2181,41,0,0,0,0,0,0,0
2182,40,0,0,0,0,0,0,0
2183,40,0,0,0,0,0,0,0
2184,41,0,0,0,0,0,0,0
2185,41,0,0,0,0,0,0,0
2186,41,0,0,0,0,0,0,0
2187,41,0,0,0,0,0,0,0
2188,40,0,0,0,0,0,0,0
2189,41,0,0,0,0,0,0,0
2190,40,0,0,0,0,0,0,0
2191,40,0,0,0,0,0,0,0
2192,41,0,0,0,0,0,0,0
2193,41,0,0,0,0,0,0,0
2194,41,0,0,0,0,0,0,0
2195,41,0,0,0,0,0,0,0
2196,40,0,0,0,0,0,0,0
2197,40,0,0,0,0,0,0,0
2198,43,0,0,0,0,0,0,0
2199,125,0,0,0,0,0,0,0
2200,276,0,0,0,0,0,0,0
2201,341,0,0,0,0,0,0,0
2202,237,0,0,0,0,0,0,0
2203,178,0,0,0,0,0,0,0
2204,350,0,0,0,0,0,0,0
2205,398,0,0,0,0,0,0,0
2206,216,0,0,0,0,0,0,0
2207,42,0,0,0,0,0,0,0
2208,41,0,0,0,0,0,0,0
2209,40,0,0,0,0,0,0,0
2210,41,0,0,0,0,0,0,0
2211,41,0,0,0,0,0,0,0
2212,40,0,0,0,0,0,0,0
2213,41,0,0,0,0,0,0,0
2214,41,0,0,0,0,0,0,0
2215,41,0,0,0,0,0,0,0
2216,41,0,0,0,0,0,0,0
2217,41,0,0,0,0,0,0,0
2218,40,0,0,0,0,0,0,0
2219,41,0,0,0,0,0,0,0
2220,41,0,0,0,0,0,0,0
2221,40,0,0,0,0,0,0,0
2222,41,0,0,0,0,0,0,0
2223,40,0,0,0,0,0,0,0
2224,41,0,0,0,0,0,0,0
2225,42,0,0,0,0,0,0,0
2226,41,0,0,0,0,0,0,0
2227,41,0,0,0,0,0,0,0
2228,41,0,0,0,0,0,0,0
2229,41,0,0,0,0,0,0,0
2230,41,0,0,0,0,0,0,0
2231,41,0,0,0,0,0,0,0
2232,40,0,0,0,0,0,0,0
2233,41,0,0,0,0,0,0,0
2234,41,0,0,0,0,0,0,0
2235,41,0,0,0,0,0,0,0
2236,41,0,0,0,0,0,0,0
2237,41,0,0,0,0,0,0,0
2238,41,0,0,0,0,0,0,0
2239,40,0,0,0,0,0,0,0
2240,40,0,0,0,0,0,0,0
2241,41,0,0,0,0,0,0,0
2242,40,0,0,0,0,0,0,0
2243,41,0,0,0,0,0,0,0
2244,42,0,0,0,0,0,0,0
2245,40,0,0,0,0,0,0,0
2246,41,0,0,0,0,0,0,0
2247,40,0,0,0,0,0,0,0
2248,41,0,0,0,0,0,0,0
2249,41,0,0,0,0,0,0,0
2250,40,0,0,0,0,0,0,0
2251,41,0,0,0,0,0,0,0
2252,41,0,0,0,0,0,0,0
2253,41,0,0,0,0,0,0,0
2254,43,0,0,0,0,0,0,0
2255,117,0,0,0,0,0,0,0
2256,271,0,0,0,0,0,0,0
2257,337,0,0,0,0,0,0,0
2258,215,0,0,0,0,0,0,0
2259,193,0,0,0,0,0,0,0
2260,352,0,0,0,0,0,0,0
2261,398,0,0,0,0,0,0,0
2262,261,0,0,0,0,0,0,0
2263,42,0,0,0,0,0,0,0
2264,40,0,0,0,0,0,0,0
2265,41,0,0,0,0,0,0,0
2266,40,0,0,0,0,0,0,0
2267,40,0,0,0,0,0,0,0
2268,40,0,0,0,0,0,0,0
2269,40,0,0,0,0,0,0,0
2270,40,0,0,0,0,0,0,0
2271,41,0,0,0,0,0,0,0
2272,40,0,0,0,0,0,0,0
2273,40,0,0,0,0,0,0,0
2274,40,0,0,0,0,0,0,0
2275,40,0,0,0,0,0,0,0
2276,40,0,0,0,0,0,0,0
2277,40,0,0,0,0,0,0,0
2278,40,0,0,0,0,0,0,0
2279,41,0,0,0,0,0,0,0
2280,40,0,0,0,0,0,0,0
2281,41,0,0,0,0,0,0,0
2282,41,0,0,0,0,0,0,0
2283,40,0,0,0,0,0,0,0
2284,41,0,0,0,0,0,0,0
2285,40,0,0,0,0,0,0,0
2286,41,0,0,0,0,0,0,0
2287,40,0,0,0,0,0,0,0
2288,40,0,0,0,0,0,0,0
2289,40,0,0,0,0,0,0,0
2290,41,0,0,0,0,0,0,0
2291,41,0,0,0,0,0,0,0
2292,40,0,0,0,0,0,0,0
2293,40,0,0,0,0,0,0,0
2294,40,0,0,0,0,0,0,0
2295,41,0,0,0,0,0,0,0
2296,40,0,0,0,0,0,0,0
2297,41,0,0,0,0,0,0,0
2298,41,0,0,0,0,0,0,0
2299,40,0,0,0,0,0,0,0
2300,40,0,0,0,0,0,0,0
2301,41,0,0,0,0,0,0,0
2302,40,0,0,0,0,0,0,0
2303,41,0,0,0,0,0,0,0
2304,39,0,0,0,0,0,0,0
2305,40,0,0,0,0,0,0,0
2306,40,0,0,0,0,0,0,0
2307,40,0,0,0,0,0,0,0
2308,41,0,0,0,0,0,0,0
2309,40,0,0,0,0,0,0,0
2310,40,0,0,0,0,0,0,0
2311,40,0,0,0,0,0,0,0
2312,40,0,0,0,0,0,0,0
2313,40,0,0,0,0,0,0,0
2314,100,0,0,0,0,0,0,0
2315,266,0,0,0,0,0,0,0
2316,336,0,0,0,0,0,0,0
2317,285,0,0,0,0,0,0,0
2318,163,0,0,0,0,0,0,0
2319,339,0,0,0,0,0,0,0
2320,394,0,0,0,0,0,0,0
2321,361,0,0,0,0,0,0,0
2322,46,0,0,0,0,0,0,0
2323,40,0,0,0,0,0,0,0
2324,40,0,0,0,0,0,0,0
2325,41,0,0,0,0,0,0,0
2326,40,0,0,0,0,0,0,0
2327,40,0,0,0,0,0,0,0
2328,41,0,0,0,0,0,0,0
2329,41,0,0,0,0,0,0,0
2330,40,0,0,0,0,0,0,0
2331,40,0,0,0,0,0,0,0
2332,40,0,0,0,0,0,0,0
2333,40,0,0,0,0,0,0,0
2334,40,0,0,0,0,0,0,0
2335,40,0,0,0,0,0,0,0
2336,41,0,0,0,0,0,0,0
2337,40,0,0,0,0,0,0,0
2338,40,0,0,0,0,0,0,0
2339,40,0,0,0,0,0,0,0
2340,40,0,0,0,0,0,0,0
2341,40,0,0,0,0,0,0,0
2342,40,0,0,0,0,0,0,0
2343,40,0,0,0,0,0,0,0
2344,41,0,0,0,0,0,0,0
2345,40,0,0,0,0,0,0,0
2346,40,0,0,0,0,0,0,0
2347,41,0,0,0,0,0,0,0
2348,40,0,0,0,0,0,0,0
2349,40,0,0,0,0,0,0,0
2350,41,0,0,0,0,0,0,0
2351,40,0,0,0,0,0,0,0
2352,40,0,0,0,0,0,0,0
2353,40,0,0,0,0,0,0,0
2354,40,0,0,0,0,0,0,0
2355,41,0,0,0,0,0,0,0
2356,40,0,0,0,0,0,0,0
2357,40,0,0,0,0,0,0,0
2358,41,0,0,0,0,0,0,0
2359,41,0,0,0,0,0,0,0
2360,41,0,0,0,0,0,0,0
2361,40,0,0,0,0,0,0,0
2362,41,0,0,0,0,0,0,0
2363,41,0,0,0,0,0,0,0
2364,40,0,0,0,0,0,0,0
2365,40,0,0,0,0,0,0,0
2366,41,0,0,0,0,0,0,0
2367,40,0,0,0,0,0,0,0
2368,41,0,0,0,0,0,0,0
2369,41,0,0,0,0,0,0,0
2370,96,0,0,0,0,0,0,0
2371,252,0,0,0,0,0,0,0
2372,327,0,0,0,0,0,0,0
2373,285,0,0,0,0,0,0,0
2374,161,0,0,0,0,0,0,0
2375,331,0,0,0,0,0,0,0
2376,389,0,0,0,0,0,0,0
2377,394,0,0,0,0,0,0,0
2378,51,0,0,0,0,0,0,0
2379,41,0,0,0,0,0,0,0
2380,40,0,0,0,0,0,0,0
2381,40,0,0,0,0,0,0,0
2382,40,0,0,0,0,0,0,0
2383,40,0,0,0,0,0,0,0
2384,40,0,0,0,0,0,0,0
2385,41,0,0,0,0,0,0,0
2386,41,0,0,0,0,0,0,0
2387,40,0,0,0,0,0,0,0
2388,41,0,0,0,0,0,0,0
2389,40,0,0,0,0,0,0,0
2390,41,0,0,0,0,0,0,0
2391,40,0,0,0,0,0,0,0
2392,40,0,0,0,0,0,0,0
2393,41,0,0,0,0,0,0,0
2394,41,0,0,0,0,0,0,0
2395,40,0,0,0,0,0,0,0
2396,40,0,0,0,0,0,0,0
2397,41,0,0,0,0,0,0,0
2398,40,0,0,0,0,0,0,0
2399,40,0,0,0,0,0,0,0
2400,40,0,0,0,0,0,0,0
2401,41,0,0,0,0,0,0,0
2402,41,0,0,0,0,0,0,0
2403,41,0,0,0,0,0,0,0
2404,41,0,0,0,0,0,0,0
2405,41,0,0,0,0,0,0,0
2406,41,0,0,0,0,0,0,0
2407,41,0,0,0,0,0,0,0
2408,40,0,0,0,0,0,0,0
2409,40,0,0,0,0,0,0,0
2410,41,0,0,0,0,0,0,0
2411,41,0,0,0,0,0,0,0
2412,41,0,0,0,0,0,0,0
2413,40,0,0,0,0,0,0,0
2414,40,0,0,0,0,0,0,0
2415,40,0,0,0,0,0,0,0
2416,41,0,0,0,0,0,0,0
2417,40,0,0,0,0,0,0,0
2418,41,0,0,0,0,0,0,0
2419,40,0,0,0,0,0,0,0
2420,40,0,0,0,0,0,0,0
2421,41,0,0,0,0,0,0,0
2422,40,0,0,0,0,0,0,0
2423,41,0,0,0,0,0,0,0
2424,41,0,0,0,0,0,0,0
2425,40,0,0,0,0,0,0,0
2426,41,0,0,0,0,0,0,0
2427,41,0,0,0,0,0,0,0
2428,40,0,0,0,0,0,0,0
2429,68,0,0,0,0,0,0,0
2430,229,0,0,0,0,0,0,0
2431,317,0,0,0,0,0,0,0
2432,357,0,0,0,0,0,0,0
2433,158,0,0,0,0,0,0,0
2434,291,0,0,0,0,0,0,0
2435,381,0,0,0,0,0,0,0
2436,412,0,0,0,0,0,0,0
2437,70,0,0,0,0,0,0,0
2438,40,0,0,0,0,0,0,0
2439,40,0,0,0,0,0,0,0
2440,40,0,0,0,0,0,0,0
2441,41,0,0,0,0,0,0,0
2442,40,0,0,0,0,0,0,0
2443,41,0,0,0,0,0,0,0
2444,41,0,0,0,0,0,0,0
2445,40,0,0,0,0,0,0,0
2446,40,0,0,0,0,0,0,0
2447,40,0,0,0,0,0,0,0
2448,40,0,0,0,0,0,0,0
2449,41,0,0,0,0,0,0,0
2450,40,0,0,0,0,0,0,0
2451,40,0,0,0,0,0,0,0
2452,40,0,0,0,0,0,0,0
2453,41,0,0,0,0,0,0,0
2454,41,0,0,0,0,0,0,0
2455,41,0,0,0,0,0,0,0
2456,40,0,0,0,0,0,0,0
2457,40,0,0,0,0,0,0,0
2458,40,0,0,0,0,0,0,0
2459,40,0,0,0,0,0,0,0
2460,41,0,0,0,0,0,0,0
2461,40,0,0,0,0,0,0,0
2462,41,0,0,0,0,0,0,0
2463,41,0,0,0,0,0,0,0
2464,41,0,0,0,0,0,0,0
2465,40,0,0,0,0,0,0,0
2466,41,0,0,0,0,0,0,0
2467,40,0,0,0,0,0,0,0
2468,41,0,0,0,0,0,0,0
2469,40,0,0,0,0,0,0,0
2470,40,0,0,0,0,0,0,0
2471,41,0,0,0,0,0,0,0
2472,40,0,0,0,0,0,0,0
2473,40,0,0,0,0,0,0,0
2474,40,0,0,0,0,0,0,0
2475,41,0,0,0,0,0,0,0
2476,40,0,0,0,0,0,0,0
2477,40,0,0,0,0,0,0,0
2478,40,0,0,0,0,0,0,0
2479,41,0,0,0,0,0,0,0
2480,40,0,0,0,0,0,0,0
2481,40,0,0,0,0,0,0,0
2482,41,0,0,0,0,0,0,0
2483,40,0,0,0,0,0,0,0
2484,40,0,0,0,0,0,0,0
2485,61,0,0,0,0,0,0,0
2486,212,0,0,0,0,0,0,0
2487,307,0,0,0,0,0,0,0
2488,353,0,0,0,0,0,0,0
2489,156,0,0,0,0,0,0,0
2490,274,0,0,0,0,0,0,0
2491,374,0,0,0,0,0,0,0
2492,409,0,0,0,0,0,0,0
2493,85,0,0,0,0,0,0,0
2494,42,0,0,0,0,0,0,0
2495,40,0,0,0,0,0,0,0
2496,40,0,0,0,0,0,0,0
2497,40,0,0,0,0,0,0,0
2498,40,0,0,0,0,0,0,0
2499,40,0,0,0,0,0,0,0
2500,40,0,0,0,0,0,0,0
2501,41,0,0,0,0,0,0,0
2502,41,0,0,0,0,0,0,0
2503,40,0,0,0,0,0,0,0
2504,41,0,0,0,0,0,0,0
2505,40,0,0,0,0,0,0,0
2506,40,0,0,0,0,0,0,0
2507,41,0,0,0,0,0,0,0
2508,40,0,0,0,0,0,0,0
2509,40,0,0,0,0,0,0,0
2510,41,0,0,0,0,0,0,0
2511,41,0,0,0,0,0,0,0
2512,41,0,0,0,0,0,0,0
2513,41,0,0,0,0,0,0,0
2514,40,0,0,0,0,0,0,0
2515,41,0,0,0,0,0,0,0
2516,41,0,0,0,0,0,0,0
2517,40,0,0,0,0,0,0,0
2518,41,0,0,0,0,0,0,0
2519,41,0,0,0,0,0,0,0
2520,40,0,0,0,0,0,0,0
2521,40,0,0,0,0,0,0,0
2522,41,0,0,0,0,0,0,0
2523,40,0,0,0,0,0,0,0
2524,40,0,0,0,0,0,0,0
2525,40,0,0,0,0,0,0,0
2526,40,0,0,0,0,0,0,0
2527,39,0,0,0,0,0,0,0
2528,40,0,0,0,0,0,0,0
2529,40,0,0,0,0,0,0,0
2530,40,0,0,0,0,0,0,0
2531,40,0,0,0,0,0,0,0
2532,41,0,0,0,0,0,0,0
2533,40,0,0,0,0,0,0,0
2534,40,0,0,0,0,0,0,0
2535,40,0,0,0,0,0,0,0
2536,40,0,0,0,0,0,0,0
2537,41,0,0,0,0,0,0,0
2538,40,0,0,0,0,0,0,0
2539,41,0,0,0,0,0,0,0
2540,41,0,0,0,0,0,0,0
2541,40,0,0,0,0,0,0,0
2542,40,0,0,0,0,0,0,0
2543,40,0,0,0,0,0,0,0
2544,49,0,0,0,0,0,0,0
2545,178,0,0,0,0,0,0,0
2546,295,0,0,0,0,0,0,0
2547,352,0,0,0,0,0,0,0
2548,200,0,0,0,0,0,0,0
2549,205,0,0,0,0,0,0,0
2550,361,0,0,0,0,0,0,0
2551,403,0,0,0,0,0,0,0
2552,167,0,0,0,0,0,0,0
2553,41,0,0,0,0,0,0,0
2554,41,0,0,0,0,0,0,0
2555,41,0,0,0,0,0,0,0
2556,41,0,0,0,0,0,0,0
2557,40,0,0,0,0,0,0,0
2558,40,0,0,0,0,0,0,0
2559,41,0,0,0,0,0,0,0
2560,40,0,0,0,0,0,0,0
2561,40,0,0,0,0,0,0,0
2562,40,0,0,0,0,0,0,0
2563,40,0,0,0,0,0,0,0
2564,40,0,0,0,0,0,0,0
2565,40,0,0,0,0,0,0,0
2566,40,0,0,0,0,0,0,0
2567,41,0,0,0,0,0,0,0
2568,40,0,0,0,0,0,0,0
2569,41,0,0,0,0,0,0,0
2570,41,0,0,0,0,0,0,0
2571,40,0,0,0,0,0,0,0
2572,40,0,0,0,0,0,0,0
2573,40,0,0,0,0,0,0,0
2574,40,0,0,0,0,0,0,0
2575,41,0,0,0,0,0,0,0
2576,40,0,0,0,0,0,0,0
2577,40,0,0,0,0,0,0,0
2578,42,0,0,0,0,0,0,0
2579,40,0,0,0,0,0,0,0
2580,41,0,0,0,0,0,0,0
2581,40,0,0,0,0,0,0,0
2582,41,0,0,0,0,0,0,0
2583,40,0,0,0,0,0,0,0
2584,40,0,0,0,0,0,0,0
2585,41,0,0,0,0,0,0,0
2586,41,0,0,0,0,0,0,0
2587,41,0,0,0,0,0,0,0
2588,41,0,0,0,0,0,0,0
2589,41,0,0,0,0,0,0,0
2590,40,0,0,0,0,0,0,0
2591,40,0,0,0,0,0,0,0
2592,40,0,0,0,0,0,0,0
2593,40,0,0,0,0,0,0,0
2594,41,0,0,0,0,0,0,0
2595,40,0,0,0,0,0,0,0
2596,41,0,0,0,0,0,0,0
2597,41,0,0,0,0,0,0,0
2598,40,0,0,0,0,0,0,0
2599,40,0,0,0,0,0,0,0
2600,53,0,0,0,0,0,0,0
2601,187,0,0,0,0,0,0,0
2602,297,0,0,0,0,0,0,0
2603,352,0,0,0,0,0,0,0
2604,175,0,0,0,0,0,0,0
2605,238,0,0,0,0,0,0,0
2606,366,0,0,0,0,0,0,0
2607,405,0,0,0,0,0,0,0
2608,140,0,0,0,0,0,0,0
2609,42,0,0,0,0,0,0,0
2610,41,0,0,0,0,0,0,0
2611,40,0,0,0,0,0,0,0
2612,41,0,0,0,0,0,0,0
2613,40,0,0,0,0,0,0,0
2614,40,0,0,0,0,0,0,0
2615,40,0,0,0,0,0,0,0
2616,41,0,0,0,0,0,0,0
2617,40,0,0,0,0,0,0,0
2618,40,0,0,0,0,0,0,0
2619,40,0,0,0,0,0,0,0
2620,41,0,0,0,0,0,0,0
2621,41,0,0,0,0,0,0,0
2622,40,0,0,0,0,0,0,0
2623,41,0,0,0,0,0,0,0
2624,41,0,0,0,0,0,0,0
2625,40,0,0,0,0,0,0,0
2626,40,0,0,0,0,0,0,0
2627,41,0,0,0,0,0,0,0
2628,40,0,0,0,0,0,0,0
2629,40,0,0,0,0,0,0,0
2630,40,0,0,0,0,0,0,0
2631,41,0,0,0,0,0,0,0
2632,40,0,0,0,0,0,0,0
2633,40,0,0,0,0,0,0,0
2634,41,0,0,0,0,0,0,0
2635,41,0,0,0,0,0,0,0
2636,40,0,0,0,0,0,0,0
2637,40,0,0,0,0,0,0,0
2638,40,0,0,0,0,0,0,0
2639,40,0,0,0,0,0,0,0
2640,41,0,0,0,0,0,0,0
2641,40,0,0,0,0,0,0,0
2642,40,0,0,0,0,0,0,0
2643,41,0,0,0,0,0,0,0
2644,40,0,0,0,0,0,0,0
2645,40,0,0,0,0,0,0,0
2646,41,0,0,0,0,0,0,0
2647,41,0,0,0,0,0,0,0
2648,40,0,0,0,0,0,0,0
2649,40,0,0,0,0,0,0,0
2650,40,0,0,0,0,0,0,0
2651,41,0,0,0,0,0,0,0
2652,40,0,0,0,0,0,0,0
2653,40,0,0,0,0,0,0,0
2654,41,0,0,0,0,0,0,0
2655,40,0,0,0,0,0,0,0
2656,40,0,0,0,0,0,0,0
2657,40,0,0,0,0,0,0,0
2658,40,0,0,0,0,0,0,0
2659,45,0,0,0,0,0,0,0
2660,157,0,0,0,0,0,0,0
2661,288,0,0,0,0,0,0,0
2662,348,0,0,0,0,0,0,0
2663,227,0,0,0,0,0,0,0
2664,179,0,0,0,0,0,0,0
2665,351,0,0,0,0,0,0,0
2666,398,0,0,0,0,0,0,0
2667,297,0,0,0,0,0,0,0
2668,44,0,0,0,0,0,0,0
2669,41,0,0,0,0,0,0,0
2670,41,0,0,0,0,0,0,0
2671,40,0,0,0,0,0,0,0
2672,41,0,0,0,0,0,0,0
2673,40,0,0,0,0,0,0,0
2674,40,0,0,0,0,0,0,0
2675,40,0,0,0,0,0,0,0
2676,40,0,0,0,0,0,0,0
2677,40,0,0,0,0,0,0,0
2678,40,0,0,0,0,0,0,0
2679,40,0,0,0,0,0,0,0
2680,41,0,0,0,0,0,0,0
2681,41,0,0,0,0,0,0,0
2682,40,0,0,0,0,0,0,0
2683,40,0,0,0,0,0,0,0
2684,40,0,0,0,0,0,0,0
2685,41,0,0,0,0,0,0,0
2686,41,0,0,0,0,0,0,0
2687,41,0,0,0,0,0,0,0
2688,41,0,0,0,0,0,0,0
2689,41,0,0,0,0,0,0,0
2690,41,0,0,0,0,0,0,0
2691,40,0,0,0,0,0,0,0
2692,41,0,0,0,0,0,0,0
2693,40,0,0,0,0,0,0,0
2694,41,0,0,0,0,0,0,0
2695,40,0,0,0,0,0,0,0
2696,40,0,0,0,0,0,0,0
2697,41,0,0,0,0,0,0,0
2698,40,0,0,0,0,0,0,0
2699,40,0,0,0,0,0,0,0
2700,40,0,0,0,0,0,0,0
2701,40,0,0,0,0,0,0,0
2702,40,0,0,0,0,0,0,0
2703,40,0,0,0,0,0,0,0
2704,40,0,0,0,0,0,0,0
2705,40,0,0,0,0,0,0,0
2706,40,0,0,0,0,0,0,0
2707,40,0,0,0,0,0,0,0
2708,41,0,0,0,0,0,0,0
2709,40,0,0,0,0,0,0,0
2710,40,0,0,0,0,0,0,0
2711,41,0,0,0,0,0,0,0
2712,40,0,0,0,0,0,0,0
2713,40,0,0,0,0,0,0,0
2714,41,0,0,0,0,0,0,0
2715,50,0,0,0,0,0,0,0
2716,165,0,0,0,0,0,0,0
2717,288,0,0,0,0,0,0,0
2718,347,0,0,0,0,0,0,0
2719,193,0,0,0,0,0,0,0
2720,208,0,0,0,0,0,0,0
2721,358,0,0,0,0,0,0,0
2722,401,0,0,0,0,0,0,0
2723,266,0,0,0,0,0,0,0
2724,43,0,0,0,0,0,0,0
2725,40,0,0,0,0,0,0,0
2726,41,0,0,0,0,0,0,0
2727,41,0,0,0,0,0,0,0
2728,40,0,0,0,0,0,0,0
2729,40,0,0,0,0,0,0,0
2730,41,0,0,0,0,0,0,0
2731,40,0,0,0,0,0,0,0
2732,40,0,0,0,0,0,0,0
2733,40,0,0,0,0,0,0,0
2734,40,0,0,0,0,0,0,0
2735,40,0,0,0,0,0,0,0
2736,40,0,0,0,0,0,0,0
2737,40,0,0,0,0,0,0,0
2738,43,0,0,0,0,0,0,0
2739,41,0,0,0,0,0,0,0
2740,41,0,0,0,0,0,0,0
2741,41,0,0,0,0,0,0,0
2742,40,0,0,0,0,0,0,0
2743,41,0,0,0,0,0,0,0
2744,40,0,0,0,0,0,0,0
2745,41,0,0,0,0,0,0,0
2746,41,0,0,0,0,0,0,0
2747,41,0,0,0,0,0,0,0
2748,40,0,0,0,0,0,0,0
2749,41,0,0,0,0,0,0,0
2750,40,0,0,0,0,0,0,0
2751,41,0,0,0,0,0,0,0
2752,40,0,0,0,0,0,0,0
2753,40,0,0,0,0,0,0,0
2754,40,0,0,0,0,0,0,0
2755,40,0,0,0,0,0,0,0
2756,40,0,0,0,0,0,0,0
2757,41,0,0,0,0,0,0,0
2758,40,0,0,0,0,0,0,0
2759,41,0,0,0,0,0,0,0
2760,40,0,0,0,0,0,0,0
2761,40,0,0,0,0,0,0,0
2762,41,0,0,0,0,0,0,0
2763,41,0,0,0,0,0,0,0
2764,40,0,0,0,0,0,0,0
2765,41,0,0,0,0,0,0,0
2766,40,0,0,0,0,0,0,0
2767,40,0,0,0,0,0,0,0
2768,41,0,0,0,0,0,0,0
2769,40,0,0,0,0,0,0,0
2770,41,0,0,0,0,0,0,0
2771,41,0,0,0,0,0,0,0
2772,40,0,0,0,0,0,0,0
2773,41,0,0,0,0,0,0,0
2774,44,0,0,0,0,0,0,0
2775,137,0,0,0,0,0,0,0
2776,280,0,0,0,0,0,0,0
2777,343,0,0,0,0,0,0,0
2778,264,0,0,0,0,0,0,0
2779,168,0,0,0,0,0,0,0
2780,343,0,0,0,0,0,0,0
2781,396,0,0,0,0,0,0,0
2782,387,0,0,0,0,0,0,0
2783,50,0,0,0,0,0,0,0
2784,42,0,0,0,0,0,0,0
2785,40,0,0,0,0,0,0,0
2786,40,0,0,0,0,0,0,0
2787,41,0,0,0,0,0,0,0
2788,40,0,0,0,0,0,0,0
2789,40,0,0,0,0,0,0,0
2790,40,0,0,0,0,0,0,0
2791,40,0,0,0,0,0,0,0
2792,41,0,0,0,0,0,0,0
2793,40,0,0,0,0,0,0,0
2794,40,0,0,0,0,0,0,0
2795,41,0,0,0,0,0,0,0
2796,41,0,0,0,0,0,0,0
2797,40,0,0,0,0,0,0,0
2798,40,0,0,0,0,0,0,0
2799,40,0,0,0,0,0,0,0
2800,40,0,0,0,0,0,0,0
2801,40,0,0,0,0,0,0,0
2802,40,0,0,0,0,0,0,0
2803,41,0,0,0,0,0,0,0
2804,40,0,0,0,0,0,0,0
2805,40,0,0,0,0,0,0,0
2806,41,0,0,0,0,0,0,0
2807,40,0,0,0,0,0,0,0
2808,41,0,0,0,0,0,0,0
2809,40,0,0,0,0,0,0,0
2810,41,0,0,0,0,0,0,0
2811,41,0,0,0,0,0,0,0
2812,40,0,0,0,0,0,0,0
2813,40,0,0,0,0,0,0,0
2814,41,0,0,0,0,0,0,0
2815,40,0,0,0,0,0,0,0
2816,41,0,0,0,0,0,0,0
2817,41,0,0,0,0,0,0,0
2818,41,0,0,0,0,0,0,0
2819,41,0,0,0,0,0,0,0
2820,41,0,0,0,0,0,0,0
2821,41,0,0,0,0,0,0,0
2822,41,0,0,0,0,0,0,0
2823,40,0,0,0,0,0,0,0
2824,40,0,0,0,0,0,0,0
2825,41,0,0,0,0,0,0,0
2826,41,0,0,0,0,0,0,0
2827,41,0,0,0,0,0,0,0
2828,41,0,0,0,0,0,0,0
2829,41,0,0,0,0,0,0,0
2830,47,0,0,0,0,0,0,0
2831,148,0,0,0,0,0,0,0
2832,284,0,0,0,0,0,0,0
2833,344,0,0,0,0,0,0,0
2834,209,0,0,0,0,0,0,0
2835,184,0,0,0,0,0,0,0
2836,349,0,0,0,0,0,0,0
2837,397,0,0,0,0,0,0,0
2838,356,0,0,0,0,0,0,0
2839,48,0,0,0,0,0,0,0
2840,41,0,0,0,0,0,0,0
2841,41,0,0,0,0,0,0,0
2842,40,0,0,0,0,0,0,0
2843,40,0,0,0,0,0,0,0
2844,41,0,0,0,0,0,0,0
2845,41,0,0,0,0,0,0,0
2846,41,0,0,0,0,0,0,0
2847,40,0,0,0,0,0,0,0
2848,40,0,0,0,0,0,0,0
2849,40,0,0,0,0,0,0,0
2850,40,0,0,0,0,0,0,0
2851,40,0,0,0,0,0,0,0
2852,41,0,0,0,0,0,0,0
2853,40,0,0,0,0,0,0,0
2854,41,0,0,0,0,0,0,0
2855,40,0,0,0,0,0,0,0
2856,40,0,0,0,0,0,0,0
2857,40,0,0,0,0,0,0,0
2858,40,0,0,0,0,0,0,0
2859,40,0,0,0,0,0,0,0
2860,40,0,0,0,0,0,0,0
2861,40,0,0,0,0,0,0,0
2862,40,0,0,0,0,0,0,0
2863,41,0,0,0,0,0,0,0
2864,40,0,0,0,0,0,0,0
2865,40,0,0,0,0,0,0,0
2866,40,0,0,0,0,0,0,0
2867,41,0,0,0,0,0,0,0
2868,41,0,0,0,0,0,0,0
2869,40,0,0,0,0,0,0,0
2870,40,0,0,0,0,0,0,0
2871,41,0,0,0,0,0,0,0
2872,40,0,0,0,0,0,0,0
2873,40,0,0,0,0,0,0,0
2874,40,0,0,0,0,0,0,0
2875,40,0,0,0,0,0,0,0
2876,40,0,0,0,0,0,0,0
2877,40,0,0,0,0,0,0,0
2878,40,0,0,0,0,0,0,0
2879,41,0,0,0,0,0,0,0
2880,40,0,0,0,0,0,0,0
2881,40,0,0,0,0,0,0,0
2882,41,0,0,0,0,0,0,0
2883,40,0,0,0,0,0,0,0
2884,40,0,0,0,0,0,0,0
2885,40,0,0,0,0,0,0,0
2886,40,0,0,0,0,0,0,0
2887,41,0,0,0,0,0,0,0
2888,41,0,0,0,0,0,0,0
2889,43,0,0,0,0,0,0,0
2890,121,0,0,0,0,0,0,0
2891,275,0,0,0,0,0,0,0
2892,340,0,0,0,0,0,0,0
2893,294,0,0,0,0,0,0,0
2894,161,0,0,0,0,0,0,0
2895,332,0,0,0,0,0,0,0
2896,392,0,0,0,0,0,0,0
2897,416,0,0,0,0,0,0,0
2898,56,0,0,0,0,0,0,0
2899,41,0,0,0,0,0,0,0
2900,41,0,0,0,0,0,0,0
2901,41,0,0,0,0,0,0,0
2902,40,0,0,0,0,0,0,0
2903,41,0,0,0,0,0,0,0
2904,40,0,0,0,0,0,0,0
2905,40,0,0,0,0,0,0,0
2906,41,0,0,0,0,0,0,0
2907,40,0,0,0,0,0,0,0
2908,40,0,0,0,0,0,0,0
2909,41,0,0,0,0,0,0,0
2910,40,0,0,0,0,0,0,0
2911,40,0,0,0,0,0,0,0
2912,39,0,0,0,0,0,0,0
2913,40,0,0,0,0,0,0,0
2914,41,0,0,0,0,0,0,0
2915,40,0,0,0,0,0,0,0
2916,40,0,0,0,0,0,0,0
2917,41,0,0,0,0,0,0,0
2918,40,0,0,0,0,0,0,0
2919,40,0,0,0,0,0,0,0
2920,41,0,0,0,0,0,0,0
2921,40,0,0,0,0,0,0,0
2922,40,0,0,0,0,0,0,0
2923,40,0,0,0,0,0,0,0
2924,40,0,0,0,0,0,0,0
2925,41,0,0,0,0,0,0,0
2926,41,0,0,0,0,0,0,0
2927,40,0,0,0,0,0,0,0
2928,41,0,0,0,0,0,0,0
2929,40,0,0,0,0,0,0,0
2930,40,0,0,0,0,0,0,0
2931,40,0,0,0,0,0,0,0
2932,40,0,0,0,0,0,0,0
2933,40,0,0,0,0,0,0,0
2934,39,0,0,0,0,0,0,0
2935,40,0,0,0,0,0,0,0
2936,41,0,0,0,0,0,0,0
2937,40,0,0,0,0,0,0,0
2938,40,0,0,0,0,0,0,0
2939,41,0,0,0,0,0,0,0
2940,41,0,0,0,0,0,0,0
2941,40,0,0,0,0,0,0,0
2942,40,0,0,0,0,0,0,0
2943,40,0,0,0,0,0,0,0
2944,40,0,0,0,0,0,0,0
2945,45,0,0,0,0,0,0,0
2946,129,0,0,0,0,0,0,0
2947,275,0,0,0,0,0,0,0
2948,340,0,0,0,0,0,0,0
2949,239,0,0,0,0,0,0,0
2950,172,0,0,0,0,0,0,0
2951,340,0,0,0,0,0,0,0
2952,393,0,0,0,0,0,0,0
2953,401,0,0,0,0,0,0,0
2954,54,0,0,0,0,0,0,0
2955,41,0,0,0,0,0,0,0
2956,41,0,0,0,0,0,0,0
2957,40,0,0,0,0,0,0,0
2958,40,0,0,0,0,0,0,0
2959,40,0,0,0,0,0,0,0
2960,40,0,0,0,0,0,0,0
2961,41,0,0,0,0,0,0,0
2962,41,0,0,0,0,0,0,0
2963,41,0,0,0,0,0,0,0
2964,41,0,0,0,0,0,0,0
2965,40,0,0,0,0,0,0,0
2966,41,0,0,0,0,0,0,0
2967,40,0,0,0,0,0,0,0
2968,40,0,0,0,0,0,0,0
2969,40,0,0,0,0,0,0,0
2970,40,0,0,0,0,0,0,0
2971,41,0,0,0,0,0,0,0
2972,40,0,0,0,0,0,0,0
2973,40,0,0,0,0,0,0,0
2974,41,0,0,0,0,0,0,0
2975,40,0,0,0,0,0,0,0
2976,41,0,0,0,0,0,0,0
2977,40,0,0,0,0,0,0,0
2978,40,0,0,0,0,0,0,0
2979,41,0,0,0,0,0,0,0
2980,40,0,0,0,0,0,0,0
2981,40,0,0,0,0,0,0,0
2982,40,0,0,0,0,0,0,0
2983,40,0,0,0,0,0,0,0
2984,41,0,0,0,0,0,0,0
2985,41,0,0,0,0,0,0,0
2986,40,0,0,0,0,0,0,0
2987,40,0,0,0,0,0,0,0
2988,40,0,0,0,0,0,0,0
2989,41,0,0,0,0,0,0,0
2990,41,0,0,0,0,0,0,0
2991,40,0,0,0,0,0,0,0
2992,41,0,0,0,0,0,0,0
2993,41,0,0,0,0,0,0,0
2994,40,0,0,0,0,0,0,0
2995,41,0,0,0,0,0,0,0
2996,40,0,0,0,0,0,0,0
2997,40,0,0,0,0,0,0,0
2998,41,0,0,0,0,0,0,0
2999,41,0,0,0,0,0,0,0
3000,41,0,0,0,0,0,0,0
3001,41,0,0,0,0,0,0,0
3002,40,0,0,0,0,0,0,0
3003,40,0,0,0,0,0,0,0
3004,42,0,0,0,0,0,0,0
3005,97,0,0,0,0,0,0,0
3006,256,0,0,0,0,0,0,0
3007,330,0,0,0,0,0,0,0
3008,344,0,0,0,0,0,0,0
3009,152,0,0,0,0,0,0,0
3010,296,0,0,0,0,0,0,0
3011,381,0,0,0,0,0,0,0
3012,412,0,0,0,0,0,0,0
3013,79,0,0,0,0,0,0,0
3014,40,0,0,0,0,0,0,0
3015,41,0,0,0,0,0,0,0
3016,40,0,0,0,0,0,0,0
3017,40,0,0,0,0,0,0,0
3018,41,0,0,0,0,0,0,0
3019,40,0,0,0,0,0,0,0
3020,40,0,0,0,0,0,0,0
3021,40,0,0,0,0,0,0,0
3022,40,0,0,0,0,0,0,0
3023,40,0,0,0,0,0,0,0
3024,41,0,0,0,0,0,0,0
3025,40,0,0,0,0,0,0,0
3026,40,0,0,0,0,0,0,0
3027,40,0,0,0,0,0,0,0
3028,40,0,0,0,0,0,0,0
3029,40,0,0,0,0,0,0,0
3030,40,0,0,0,0,0,0,0
3031,40,0,0,0,0,0,0,0
3032,40,0,0,0,0,0,0,0
3033,40,0,0,0,0,0,0,0
3034,40,0,0,0,0,0,0,0
3035,41,0,0,0,0,0,0,0
3036,40,0,0,0,0,0,0,0
3037,41,0,0,0,0,0,0,0
3038,39,0,0,0,0,0,0,0
3039,40,0,0,0,0,0,0,0
3040,41,0,0,0,0,0,0,0
3041,40,0,0,0,0,0,0,0
3042,41,0,0,0,0,0,0,0
3043,41,0,0,0,0,0,0,0
3044,40,0,0,0,0,0,0,0
3045,40,0,0,0,0,0,0,0
3046,40,0,0,0,0,0,0,0
3047,40,0,0,0,0,0,0,0
3048,41,0,0,0,0,0,0,0
3049,40,0,0,0,0,0,0,0
3050,40,0,0,0,0,0,0,0
3051,41,0,0,0,0,0,0,0
3052,41,0,0,0,0,0,0,0
3053,41,0,0,0,0,0,0,0
3054,40,0,0,0,0,0,0,0
3055,40,0,0,0,0,0,0,0
3056,41,0,0,0,0,0,0,0
3057,40,0,0,0,0,0,0,0
3058,40,0,0,0,0,0,0,0
3059,41,0,0,0,0,0,0,0
3060,42,0,0,0,0,0,0,0
3061,95,0,0,0,0,0,0,0
3062,251,0,0,0,0,0,0,0
3063,327,0,0,0,0,0,0,0
3064,338,0,0,0,0,0,0,0
3065,156,0,0,0,0,0,0,0
3066,305,0,0,0,0,0,0,0
3067,383,0,0,0,0,0,0,0
3068,414,0,0,0,0,0,0,0
